"GSS_CODE","co2","nox","pm10","pm2.5"
"E05000405",0.0034373573770634,7.03698439849844e-06,1.12987269461557e-06,7.27407960057481e-07
"E05000414",0.0140396236911922,2.87871119951734e-05,4.67116881649358e-06,2.73032005699149e-06
"E05000401",0.0120219330301938,2.17100598547801e-05,2.22563027784878e-06,2.17273933421453e-06
"E05000400",0.0109432620278365,2.05428000013487e-05,3.24725785836906e-06,2.2180165350878e-06
"E05000402",0.0117585708571089,2.01307966424986e-05,2.33391245516131e-06,2.61259850758764e-06
"E05000406",0.0113605708357956,2.10271391005544e-05,2.99890364866754e-06,1.58231564712093e-06
"E05000404",0.0089340107430839,1.43812632887807e-05,2.12079697332647e-06,2.1974300973437e-06
"E05000413",0.0138272686384781,2.34835479531238e-05,3.48627331584448e-06,2.52466707523349e-06
"E05000410",0.0112093422011327,1.73117073857847e-05,2.69585097328224e-06,2.37885725396817e-06
"E05000412",0.017055949459685,4.23858956241837e-05,3.06598818237467e-06,2.71544648736094e-06
"E05000408",0.0206025750661408,5.97784648580647e-05,4.98284578987473e-06,3.44102282172602e-06
"E05000403",0.0202057978223261,3.86369011833757e-05,4.99365159496629e-06,3.73141867946439e-06
"E05000409",0.0202592026245581,8.26098506905045e-05,3.76320900579305e-06,2.91893633765662e-06
"E05000407",0.0113738685016831,1.55066127407268e-05,2.07314508139685e-06,2.17972788473236e-06
"E05000411",0.0133274423108002,2.34083732373963e-05,3.62362146968837e-06,2.48780660072218e-06
"E05000415",0.0134386042379994,1.88110201038456e-05,2.69996365708635e-06,2.2807592199821e-06
"E05000150",0.00391032815882343,6.35170787602724e-06,9.27885905620241e-07,8.13258733175102e-07
"E05000162",0.00502223949407827,7.65644977474682e-06,1.12570803012575e-06,9.51359014038318e-07
"E05000151",0.00832344829732401,1.53391135981175e-05,2.36629129856989e-06,1.72801486335831e-06
"E05000167",0.0149181338002845,3.75747970121851e-05,4.46773555953315e-06,2.50354168069085e-06
"E05000156",0.0054682243453621,8.76089562248897e-06,1.25018282628368e-06,9.8130155834044e-07
"E05000159",0.0105424667003692,2.04636099959933e-05,2.94402435864e-06,2.17766087217961e-06
"E05000160",0.00545876511311519,8.4111821980552e-06,1.20358618616562e-06,1.07673949335331e-06
"E05000155",0.00478407546285389,8.84025192513247e-06,1.34763565151228e-06,8.89976212129509e-07
"E05000153",0.0143687826875777,3.01777876559802e-05,3.51058530930642e-06,2.23522463464619e-06
"E05000149",0.0165164799692229,3.90353940726184e-05,3.95855359587387e-06,3.05607187903683e-06
"E05000168",0.0156979258480846,2.53675438734555e-05,3.00508408890079e-06,3.19752447206054e-06
"E05000148",0.0172623418690983,2.36268499791788e-05,2.56180460589599e-06,3.25728963729155e-06
"E05000158",0.0126302231010801,1.80517372857345e-05,2.23438533368733e-06,2.63594283750669e-06
"E05000157",0.0063521189349037,1.00331939559297e-05,1.02436471467876e-06,1.47219501247636e-06
"E05000152",0.0100451484218573,1.57711043487326e-05,2.08601066386309e-06,1.68811732006339e-06
"E05000154",0.00752371572635715,1.31400444088454e-05,1.51960593074152e-06,1.55051498627095e-06
"E05000163",0.00852505039875487,1.13579504682056e-05,1.51445780075928e-06,1.55726162498424e-06
"E05000161",0.0162937426631408,2.7036254489599e-05,2.9465335966182e-06,2.68498688056505e-06
"E05000147",0.00992609544163698,1.39310234702071e-05,2.14566486746232e-06,1.95749310364699e-06
"E05000169",0.0113949671814849,1.5711554002465e-05,2.0749086984003e-06,2.26995099600617e-06
"E05000165",0.015908162505726,2.40333727330413e-05,3.12554965478065e-06,3.00834603654738e-06
"E05000166",0.0114540998746282,1.63244420551383e-05,2.0984440934121e-06,2.07965478324686e-06
"E05000164",0.0125755545449986,1.81921973282166e-05,2.27126134155299e-06,2.04653852507407e-06
"E05000146",0.016320713397337,2.61021827533749e-05,3.10570353430924e-06,3.18470761540442e-06
"E05000117",0.00127148389663157,2.98718232087828e-06,4.20595881452731e-07,2.76665688969839e-07
"E05000119",0.00451790822208911,7.90900976380538e-06,1.20317505699898e-06,8.99242581119335e-07
"E05000108",0.00526753942173981,9.8713326028065e-06,1.47582522373882e-06,1.01355629789529e-06
"E05000110",0.00350475920855479,6.87782150631338e-06,1.07319186920542e-06,6.82774050248353e-07
"E05000107",0.00265588484493662,4.44374426485751e-06,6.59007798639535e-07,6.28462774338336e-07
"E05000127",0.00833407187158901,1.31086083824992e-05,1.96670277884521e-06,1.68967112106656e-06
"E05000112",0.0121846864948669,1.84001967472489e-05,2.70446407821527e-06,2.20551520858935e-06
"E05000120",0.00882595475573394,1.44138597556967e-05,2.24218715135496e-06,1.9274456010139e-06
"E05000118",0.00565125175116311,9.52418661987583e-06,1.47208393128954e-06,1.04404055455246e-06
"E05000126",0.00934533449530428,1.18795422493626e-05,1.7234759898326e-06,1.35660502044147e-06
"E05000109",0.0125704027506392,2.21513661204476e-05,2.92841652579434e-06,2.17059302777158e-06
"E05000106",0.00843696922207506,1.25364223982654e-05,1.79912304276816e-06,1.28184370745701e-06
"E05000124",0.00732263462132091,9.16301859876974e-06,1.16013462028559e-06,1.49960704794895e-06
"E05000116",0.0100934929156557,1.75175241691138e-05,2.30880689868363e-06,1.28436362180676e-06
"E05000123",0.0110638112285879,1.60733477558138e-05,2.03371146024393e-06,1.96204125454125e-06
"E05000113",0.0102157816310127,1.50221683778051e-05,2.17481453140123e-06,1.72919673493948e-06
"E05000125",0.00827914664870055,1.26443600626235e-05,1.55771761102752e-06,1.42435901927928e-06
"E05000111",0.00550360216210091,9.30732563909355e-06,1.40791266720557e-06,1.48199755136908e-06
"E05000121",0.00661024119659707,9.3340588162865e-06,1.22404056278065e-06,1.45615038770162e-06
"E05000122",0.0079757999725092,1.22374648991362e-05,1.74986902372405e-06,1.71536036933847e-06
"E05000115",0.00878965959388867,1.36963876569807e-05,1.51009502855364e-06,1.81117221614229e-06
"E05000114",0.00364098194979294,7.6523337096558e-06,9.32053107780451e-07,7.94988831036927e-07
"E05000346",0.00718048822936288,1.63919523291256e-05,2.04329874813313e-06,1.50050573440113e-06
"E05000353",0.0130788936364886,4.07240599029486e-05,3.41825326015283e-06,2.53818144413117e-06
"E05000350",0.0176844228421771,5.89934985606964e-05,4.07386085364509e-06,2.69274667908736e-06
"E05000364",0.0140742182799503,3.28378950824874e-05,2.84693096154371e-06,2.53014244994905e-06
"E05000357",0.0142066822218654,3.51748029137721e-05,4.60932275722278e-06,2.97393966434638e-06
"E05000356",0.0147836452257681,3.06917859438127e-05,3.32330180889377e-06,2.22529420227769e-06
"E05000363",0.0110901196371426,2.56395679063036e-05,3.43925110063722e-06,2.27834579818892e-06
"E05000347",0.0184943931382331,4.64825234898685e-05,7.24247179030316e-06,3.86260901914856e-06
"E05000348",0.0196803333384197,4.00000901819308e-05,5.49148751943591e-06,2.84225182306873e-06
"E05000352",0.00692094024697531,1.26122511243905e-05,1.5976157163286e-06,1.77903257549325e-06
"E05000354",0.0095883872853853,2.79426358289078e-05,2.2049564052813e-06,2.07317640137775e-06
"E05000351",0.0127311528074264,4.37860257903792e-05,3.05926712445321e-06,2.55568148652263e-06
"E05000359",0.0139168657243767,3.10212414471698e-05,1.81223059787099e-06,1.97744225221916e-06
"E05000361",0.0253467707210351,8.23143606090546e-05,3.37129037767694e-06,3.02823451770879e-06
"E05000355",0.0185892498295101,4.08654165179032e-05,4.17104900014975e-06,2.98976494899205e-06
"E05000360",0.0190197569334623,0.000116630823301105,1.88680483724848e-06,2.38355025922936e-06
"E05000362",0.0198221167203613,0.000145177565349239,2.32411601662377e-06,1.95444053001445e-06
"E05000358",0.0238610994053605,7.75766281301589e-05,3.43004596184088e-06,3.20435763059721e-06
"E05000349",0.0185199701753997,3.95726090341925e-05,6.00299985526728e-06,2.89011032353515e-06
"E05000365",0.0254492822557578,5.33497358731354e-05,7.35207284869515e-06,3.92914405918538e-06
"E05000186",0.0139893183768813,2.7863551921583e-05,2.54836943108302e-06,1.85840491003087e-06
"E05000190",0.0141185428663458,3.29323757153925e-05,2.46730485529405e-06,2.39210392312177e-06
"E05000185",0.00937122481453282,2.02756522844182e-05,2.93929924576657e-06,1.54196333541644e-06
"E05000172",0.0155159847177546,3.21267845194794e-05,3.05299840760486e-06,2.59410381260744e-06
"E05000177",0.0133689844132006,2.65542104757683e-05,3.6427024106265e-06,2.65627206487364e-06
"E05000183",0.0101312692825029,1.79429667294696e-05,2.61332701619662e-06,2.15080104952956e-06
"E05000182",0.0157730345808249,1.98798393201624e-05,2.37181073627775e-06,3.14132680489696e-06
"E05000175",0.0204256631311163,7.7434027167307e-05,7.30695753399258e-06,3.46072352009967e-06
"E05000189",0.0175743986621927,3.74837013411568e-05,3.34240358015004e-06,3.20691708330337e-06
"E05000176",0.0135068866614015,2.51724516358732e-05,2.2916084125724e-06,2.4229314079992e-06
"E05000192",0.0180726546693665,3.43008940513392e-05,3.1229386548911e-06,3.64151551061094e-06
"E05000181",0.0134192605872595,2.07858314343461e-05,2.44834572199402e-06,2.71058034177989e-06
"E05000184",0.0110490874709226,2.08266251209522e-05,2.84306452597221e-06,2.16771743436595e-06
"E05000180",0.0130066437746638,2.54826733809798e-05,2.61248655100979e-06,2.3048597815616e-06
"E05000171",0.0166563737588525,3.30661108168149e-05,4.68048847241677e-06,2.80487676629666e-06
"E05000178",0.0134617788940369,2.92225149865089e-05,4.1476368533509e-06,3.10681201324928e-06
"E05000187",0.0116780559635386,2.36735599684979e-05,3.44093754267899e-06,2.41008560600812e-06
"E05000174",0.0178685257402675,3.72821266327525e-05,4.21089479634432e-06,2.76783920602637e-06
"E05000173",0.0172037625908926,3.20336673386368e-05,3.01819934348005e-06,2.62093224939798e-06
"E05000188",0.0194197873921701,3.47196388636843e-05,3.54207308322287e-06,2.76951227544703e-06
"E05000191",0.0199394346330339,2.63046093541118e-05,2.66346943962976e-06,2.69560055746966e-06
"E05000170",0.0210445941922625,4.76427543463017e-05,5.8494680751518e-06,3.4316746256296e-06
"E05000179",0.0255144462497652,5.57564487617265e-05,7.71020833176812e-06,3.54870861846877e-06
"E05000323",0.00365872048628221,9.07434807066796e-06,9.58271164358239e-07,6.84093232139995e-07
"E05000318",0.00477695584596508,1.81112646413586e-05,1.21402836516881e-06,8.035024844213e-07
"E05000321",0.00635515114809701,1.52459523477904e-05,1.8072690697899e-06,1.224249013735e-06
"E05000308",0.00634986358387909,1.00531947634652e-05,1.62570035287411e-06,1.46527965156061e-06
"E05000306",0.00869623288879408,1.71407540245176e-05,2.76057607094603e-06,1.88353674118124e-06
"E05000319",0.0140505195566437,3.33325073816844e-05,4.28657574251224e-06,2.98245848877926e-06
"E05000316",0.00870694727627049,1.48739870832837e-05,2.27064985172259e-06,1.92423963203451e-06
"E05000317",0.00920057392330552,1.59271077529644e-05,2.52155448236857e-06,1.86472798315068e-06
"E05000311",0.00786064725398362,1.07247428080306e-05,1.46061355069685e-06,1.72929281381134e-06
"E05000320",0.00850703032467814,1.11043292101041e-05,1.36040072537921e-06,1.8571573005008e-06
"E05000309",0.0069127976990987,1.0468269072356e-05,1.33610347788822e-06,1.36794523453005e-06
"E05000322",0.0111966528704063,1.97301476465207e-05,2.98084963006926e-06,2.21914097493414e-06
"E05000312",0.00809183246373956,1.92640946917252e-05,2.3762183777195e-06,1.4252544686508e-06
"E05000307",0.010115370803696,2.39635328330257e-05,2.37065556916821e-06,1.55335387120373e-06
"E05000313",0.0026135176731835,4.27552251871152e-06,5.50873169184386e-07,6.22269897894741e-07
"E05000314",0.00673210034956891,1.21066283754576e-05,1.92239658752781e-06,1.42991701278415e-06
"E05000310",0.00999793869412132,2.61218138776135e-05,2.60131270607636e-06,1.54532873600115e-06
"E05000315",0.00947825059268622,1.4416327058958e-05,2.15684081108155e-06,2.02271571954987e-06
"E05000331",0.0441775111719216,0.000141948896573414,6.33118869014393e-06,3.94940031631883e-06
"E05000330",0.00288810987599858,7.55166875370351e-06,5.58205516018707e-07,5.8441415983185e-07
"E05000342",0.0121446785750142,3.20043701474135e-05,2.62268505465274e-06,2.43507050760555e-06
"E05000345",0.0105938833680286,3.5931540796778e-05,1.82395002365075e-06,1.99035376999072e-06
"E05000341",0.0112290973443907,2.26160075920811e-05,2.40072160591415e-06,2.33872211154071e-06
"E05000326",0.0129094491029986,3.46093094345427e-05,2.57918383545392e-06,2.17608700005498e-06
"E05000340",0.0118175892933521,2.58709816139761e-05,3.03608300722255e-06,2.29181414862447e-06
"E05000332",0.00947938690280953,2.10287342156487e-05,2.30366501588921e-06,2.01055107756657e-06
"E05000333",0.00752240933048956,1.73452932702594e-05,2.015660612604e-06,1.35813712072447e-06
"E05000343",0.00668977672086431,1.40328789940774e-05,1.69104535497538e-06,1.29900208284043e-06
"E05000335",0.00628593732409392,1.27859195933939e-05,1.32460974316273e-06,1.01383548506926e-06
"E05000338",0.00830439900854965,1.94268764579364e-05,2.08713574325367e-06,3.39518053495059e-06
"E05000334",0.0106878248404706,1.70588895237552e-05,2.00609086151592e-06,2.58682311880311e-06
"E05000329",0.00891286876510745,1.44142852918625e-05,1.67085264455102e-06,1.91603500064678e-06
"E05000336",0.00840493759355791,1.31403023176355e-05,1.41622939628757e-06,1.57780626927071e-06
"E05000337",0.024286955631507,6.27985338205821e-05,4.31672788668293e-06,3.28757188198809e-06
"E05000325",0.0160138383806418,3.76737085814486e-05,2.11161603267598e-06,2.64474800423446e-06
"E05000328",0.00710481550669776,1.1841909570538e-05,1.01874049035165e-06,1.67099096964458e-06
"E05000339",0.023551525906194,5.48933542973409e-05,2.8316656341438e-06,2.54357955473573e-06
"E05000324",0.0104490638847561,1.75772926798338e-05,1.93829617146378e-06,2.47499378127038e-06
"E05000344",0.0113778050618157,2.11002340933861e-05,2.25359654419959e-06,1.76661186604844e-06
"E05000327",0.0108181918550542,1.49343220695002e-05,1.67720566015701e-06,2.67728998244416e-06
"E05000302",0.0119119263457283,1.56421392432457e-05,2.11959260435647e-06,2.44100062074363e-06
"E05000289",0.0102251136363793,1.69199030912623e-05,2.31437849597273e-06,1.51582037971889e-06
"E05000297",0.00762654280012149,1.0048563798858e-05,1.45337499275148e-06,1.18702224900424e-06
"E05000298",0.0100732497814587,1.12189902020793e-05,1.55125060254933e-06,1.86714183769414e-06
"E05000288",0.02242316107353,3.49127274539675e-05,3.21020989416639e-06,2.68172449254256e-06
"E05000292",0.0119398424822033,2.09811346145222e-05,1.88880467613112e-06,1.83405357712848e-06
"E05000296",0.0257648701898551,5.02723311575317e-05,2.8693155378554e-06,3.00888659975315e-06
"E05000290",0.00677510947159934,1.16509567003078e-05,1.85307899237226e-06,1.25301949136459e-06
"E05000303",0.00669689378443236,1.01825806822426e-05,1.42270790174572e-06,1.00149808382354e-06
"E05000286",0.00828542403660541,1.48226323971605e-05,1.86033085173233e-06,1.17174654827035e-06
"E05000300",0.0113620012515597,1.3116364935175e-05,1.77243472157666e-06,2.41166785087116e-06
"E05000301",0.0130942643689758,1.69704881067483e-05,2.1628871900993e-06,2.27124707282089e-06
"E05000305",0.0133815871460541,1.79928809997167e-05,2.41697279809119e-06,2.27011374887618e-06
"E05000291",0.00750699563701455,1.16007078160606e-05,1.64289751813591e-06,1.28876971398372e-06
"E05000293",0.0237319488565591,4.88940280106515e-05,2.14097447975055e-06,2.40737710303151e-06
"E05000295",0.0125799691416886,1.52023205575672e-05,1.66841821132715e-06,2.26070080446471e-06
"E05000304",0.0153025250303894,2.22322275433878e-05,2.28613565109457e-06,2.9169140870761e-06
"E05000285",0.0120048959781447,1.40302011922888e-05,2.10078228751733e-06,2.26094936431048e-06
"E05000294",0.0149241130571223,2.12086231241724e-05,3.07717919063687e-06,2.78534897343133e-06
"E05000299",0.0128240671417016,1.78283940473696e-05,2.56770118873458e-06,2.6907693466715e-06
"E05000287",0.0136755485631304,2.0082400724377e-05,2.67977743683326e-06,2.96451106916764e-06
"E05000096",0.0133367214022061,2.09043931790925e-05,2.4661068563846e-06,1.90351242833055e-06
"E05000104",0.0154851743284018,2.57929678669472e-05,2.71931155215906e-06,2.76311805357755e-06
"E05000097",0.013199862327339,2.1530993293536e-05,2.58563046085189e-06,2.22027716358509e-06
"E05000100",0.024343393905608,7.20845555202061e-05,5.65855612690861e-06,4.55824174786012e-06
"E05000103",0.0144065939546931,3.12226480063163e-05,5.03371613366184e-06,3.10768035560054e-06
"E05000086",0.0111941745140105,1.83297644542577e-05,2.53546657973402e-06,2.08278550018126e-06
"E05000090",0.0115848161639558,1.88348060040385e-05,2.59404931386902e-06,2.52679764095848e-06
"E05000101",0.013002417039318,1.93911943171478e-05,2.30562459749224e-06,2.14544163960305e-06
"E05000085",0.0145421427865222,2.82533562004328e-05,3.47692691451395e-06,2.96664903521055e-06
"E05000092",0.0227148487465068,4.52233118335259e-05,5.49450825028057e-06,3.57318237771539e-06
"E05000091",0.0252448445584113,5.72696869914153e-05,6.51658378586163e-06,4.31381432637049e-06
"E05000105",0.0190564591686405,3.27787552142309e-05,3.80630601964267e-06,2.6701027637069e-06
"E05000098",0.0200224118051973,3.02978502404632e-05,3.19096610300655e-06,2.89370232775681e-06
"E05000087",0.019443344261334,3.01680477154787e-05,3.37837431754427e-06,2.53268682770956e-06
"E05000094",0.0243631695924173,4.41348827129206e-05,4.85764259299829e-06,3.43877064256542e-06
"E05000102",0.0157197151181907,3.24758626628695e-05,3.57380560313797e-06,3.86817052950041e-06
"E05000093",0.0120217515017005,1.758039231913e-05,2.34425967777257e-06,2.15245683694821e-06
"E05000089",0.0185925352518815,3.69934503090474e-05,5.48288259236761e-06,3.87080671182708e-06
"E05000088",0.0177239635674865,3.70738553737714e-05,5.27255529767102e-06,3.55715744644734e-06
"E05000095",0.0202956333198486,3.20405514688635e-05,3.58000959586328e-06,2.49688457110416e-06
"E05000099",0.0128439301320794,1.8429383094026e-05,2.38572722181651e-06,2.61070643518371e-06
"E05000060",0.00732703565934247,1.15302573164984e-05,1.5549594599208e-06,1.26522902621693e-06
"E05000056",0.00593509410820541,1.04900221694668e-05,1.54227369899997e-06,1.03500622428561e-06
"E05000062",0.0190862902971976,4.78498322702561e-05,6.8643601171653e-06,3.41121878211404e-06
"E05000053",0.0208983921004483,4.929748792839e-05,7.58069256388585e-06,4.53332376244065e-06
"E05000046",0.0151923563665455,3.00181426897786e-05,3.48790494158173e-06,2.19712547503247e-06
"E05000045",0.01817878825264,3.59424763929927e-05,4.71834753966256e-06,3.05069262749716e-06
"E05000052",0.0152831160401085,2.76465207041648e-05,3.95387198928521e-06,2.38214468287203e-06
"E05000051",0.0159495112423152,2.63234115904247e-05,3.83462647660513e-06,2.58842411893297e-06
"E05000049",0.0150651019448624,2.68387258775233e-05,3.90462797619849e-06,2.46192269098427e-06
"E05000050",0.0108002212090856,2.33245136692947e-05,2.97237005354072e-06,1.77386301200054e-06
"E05000057",0.00853602941786013,1.77488539334114e-05,2.36598961718263e-06,1.61916027961756e-06
"E05000054",0.0121644726308737,2.86359034906171e-05,3.89421727700061e-06,2.14168380247277e-06
"E05000059",0.00543668125842736,8.2657771495059e-06,1.15129439754533e-06,8.94060941525346e-07
"E05000058",0.0116471697806379,1.86166933398979e-05,2.61459266732801e-06,1.94427255892474e-06
"E05000063",0.0158236341631224,2.87483371973956e-05,4.34022716039495e-06,2.82592772990093e-06
"E05000047",0.0147872949764524,2.96054698726848e-05,4.58913579755018e-06,2.43637974325137e-06
"E05000043",0.00962739355564815,1.36972012469038e-05,1.94709035763874e-06,2.00749480182725e-06
"E05000048",0.00859581941781206,1.14860882014989e-05,1.55529398168707e-06,1.76229288388976e-06
"E05000044",0.0136890198709686,2.50152608494154e-05,3.01112049048996e-06,2.52603372356482e-06
"E05000055",0.0204146885671042,4.45961143957296e-05,6.4687342133009e-06,3.4602210474584e-06
"E05000061",0.0145920632274556,2.20131329644193e-05,2.96508453433217e-06,2.51671700722934e-06
"E05000431",0.0147432360089479,2.16556625161678e-05,2.45811388570098e-06,2.70413697341943e-06
"E05000428",0.0191408174887206,2.95595009094621e-05,3.20924742197708e-06,2.89102355408335e-06
"E05000432",0.0207977848835177,3.88783191960588e-05,4.3165841465576e-06,4.68925971801309e-06
"E05000424",0.0169734785800761,2.30802023003141e-05,2.96700836951135e-06,3.15641080590163e-06
"E05000433",0.020446637730465,3.20943999968378e-05,3.86864127453185e-06,2.76047822686954e-06
"E05000430",0.0195430105824419,3.16941743711509e-05,3.50614108712036e-06,3.45757586076151e-06
"E05000418",0.02181803165117,3.67923009115567e-05,4.45314691458966e-06,3.34413403523184e-06
"E05000417",0.0268854448802585,4.76744822132527e-05,4.62589882818488e-06,3.1930901327458e-06
"E05000435",0.0217326511091018,3.77509221307183e-05,4.37055915774138e-06,2.98543587576649e-06
"E05000420",0.0258477585005196,5.69041823063194e-05,5.27520966302238e-06,4.15585407482839e-06
"E05000421",0.0292189042809673,4.98133088197818e-05,4.5847877622033e-06,3.66021911648791e-06
"E05000425",0.0267266452111312,4.62405034386678e-05,4.62280345730541e-06,3.84780925013231e-06
"E05000426",0.030908769505191,7.34270869851969e-05,8.98735793657312e-06,5.38935750942e-06
"E05000436",0.0227283927116139,4.46275129144459e-05,4.69803971416878e-06,3.07945214642355e-06
"E05000422",0.0166096574967469,2.36858976530745e-05,2.91073003659839e-06,3.10011360018353e-06
"E05000434",0.0172736213131588,2.77905210116995e-05,3.9789307064279e-06,2.71700759929349e-06
"E05000423",0.0300519906977763,5.0141210922581e-05,4.48568541173518e-06,3.15428914356466e-06
"E05000416",0.0495110695169275,9.75763685671236e-05,5.98491320342669e-06,5.3487206790835e-06
"E05000419",0.0259287117910418,4.86089363826109e-05,5.27774970862138e-06,4.27618134375263e-06
"E05000429",0.0261828896498764,4.64795984655489e-05,5.05678011665359e-06,3.44283798261225e-06
"E05000427",0.0288393704553953,5.73654476767995e-05,5.13753281733543e-06,3.9075082325151e-06
"E05000538",0.00965789164085879,1.86258763234387e-05,2.70182159302141e-06,1.47682318680241e-06
"E05000548",0.0249304880497273,6.58616017800717e-05,5.75791599311804e-06,3.87091866172424e-06
"E05000554",0.0140379803307934,2.50038335757081e-05,3.60945670082092e-06,2.52307765990272e-06
"E05000551",0.021050048065248,3.22442155321409e-05,3.37085299389794e-06,3.54204565195821e-06
"E05000539",0.0183541438694712,2.90982074574742e-05,3.49095601477829e-06,3.23429077625514e-06
"E05000547",0.0133013537796932,2.17370810130569e-05,2.2895049696565e-06,2.21304505708664e-06
"E05000535",0.0293753018231135,5.53768511318577e-05,4.9851433739572e-06,3.49248100532102e-06
"E05000534",0.0277084293844934,4.97177302393391e-05,4.31248318047078e-06,3.22629028429255e-06
"E05000553",0.0233433495757073,4.56479298321115e-05,4.44640743646132e-06,3.35329317292357e-06
"E05000545",0.0168113908909105,3.19595211681882e-05,3.27009051426158e-06,3.06818371086759e-06
"E05000546",0.0227131556716804,4.09590912355653e-05,3.83243525684305e-06,2.54998058896999e-06
"E05000544",0.0306043880815293,6.19377056661868e-05,6.26399012182311e-06,4.31363926207305e-06
"E05000541",0.0270430218509446,5.36827185295635e-05,5.0751755831089e-06,3.3996257748617e-06
"E05000540",0.0286638843508965,6.26537687659672e-05,6.12813343889152e-06,4.09318477975413e-06
"E05000543",0.0209806553706234,4.30340470426716e-05,4.94938678720345e-06,3.30234633940648e-06
"E05000550",0.0210398995491042,4.4129164546619e-05,5.0112474730709e-06,3.16723951471186e-06
"E05000536",0.0348338234723973,8.67934451269027e-05,6.18829097003267e-06,5.40567128761782e-06
"E05000542",0.0370170225056963,7.4727419443165e-05,5.90785043678363e-06,4.50742063675739e-06
"E05000549",0.0178475153412034,3.80844253958838e-05,4.82663384710433e-06,3.04066249514999e-06
"E05000552",0.0107472265161096,3.16642503573293e-05,3.15818014256023e-06,1.85066199928137e-06
"E05000537",0.0437952082054216,8.0830920456711e-05,4.97553127011065e-06,4.79942637686919e-06
"E05000437",0.0103478853161198,1.743631562928e-05,2.50037782594601e-06,2.59263431325699e-06
"E05000453",0.022810296933508,4.84001261351828e-05,5.38507946978177e-06,3.15716407181739e-06
"E05000442",0.00955504562574686,1.52579893090729e-05,2.12141272052722e-06,2.40472173876316e-06
"E05000454",0.0112248321505982,1.73556162765329e-05,2.38770610585393e-06,2.50090551432716e-06
"E05000438",0.015775293176156,3.38181999844368e-05,4.23097957133893e-06,2.3484199646219e-06
"E05000452",0.0145422810780915,2.13920623260605e-05,2.74615265374126e-06,2.38758291460805e-06
"E05000444",0.0147871111160332,2.26012285130112e-05,2.84183947072809e-06,2.6056022346004e-06
"E05000450",0.0164692684724157,2.5998455012669e-05,3.63347315488278e-06,3.66856487089515e-06
"E05000451",0.017712981097413,3.57211817285926e-05,4.55506814435163e-06,3.01766165560112e-06
"E05000440",0.0130975083471588,1.85843614891035e-05,2.26633727299816e-06,2.5764270901856e-06
"E05000441",0.0159876175454468,2.53042625406868e-05,3.28608835680166e-06,2.88544447387949e-06
"E05000446",0.0155650127389368,2.70397516253774e-05,3.19008163120409e-06,2.61632375853191e-06
"E05000448",0.0186003151652904,3.74240914929345e-05,4.40646141895429e-06,2.83445851203576e-06
"E05000439",0.0202386565586023,4.24012683301305e-05,4.96709256430045e-06,2.83889522797275e-06
"E05000449",0.110661543200463,0.000127448274162209,4.08251080567905e-06,2.33468685644004e-06
"E05000445",0.0106440934064339,1.62959609885235e-05,2.09855808943713e-06,2.04179293819146e-06
"E05000447",0.0170169366811955,3.14930028336601e-05,4.55525773108584e-06,2.89156800569908e-06
"E05000443",0.141978607690563,0.000156247206723023,3.11585904420101e-06,1.68487476914896e-06
"E05000224",0.010956447534036,2.38765740777988e-05,3.56725617764679e-06,2.14027417832673e-06
"E05000217",0.0111219528083839,1.91662991201492e-05,2.99234951707242e-06,2.39339199770679e-06
"E05000219",0.00799949744214394,1.61016698316908e-05,2.1889605188505e-06,1.62240506557071e-06
"E05000227",0.00822306451384289,1.36861459353927e-05,1.68409905212974e-06,2.01783241077312e-06
"E05000225",0.0164717944521423,5.75271675346359e-05,5.96462942633654e-06,5.45535622681857e-06
"E05000230",0.0123815741875135,3.24486364912521e-05,3.09499044659333e-06,2.44700141335113e-06
"E05000222",0.0184896001329581,4.0495135798152e-05,5.29850016357798e-06,3.64203620615507e-06
"E05000220",0.0150262716189016,3.64493679488523e-05,5.73618343868454e-06,3.46595825238314e-06
"E05000215",0.0170972501970535,3.63099633226721e-05,5.28207201079565e-06,3.00198292875185e-06
"E05000223",0.0116010553389214,2.20773593687859e-05,3.20144360048916e-06,2.23969460090206e-06
"E05000218",0.0127159612200257,2.74149567942392e-05,3.89101955518406e-06,3.13106546454575e-06
"E05000216",0.0151984624746868,3.30700497382475e-05,4.2191453592889e-06,3.12572342079683e-06
"E05000229",0.0132888339370681,2.57988641766613e-05,2.71782923382768e-06,2.2124801812345e-06
"E05000226",0.0106285495393022,1.73701987936699e-05,2.12848612668041e-06,2.56904488482377e-06
"E05000221",0.0146600827228402,2.78161372124095e-05,3.06243206523658e-06,2.68904282991235e-06
"E05000228",0.00788637376929965,1.89230338447578e-05,1.56605464419235e-06,9.08022944832866e-07
"E05000214",0.00957881548088999,1.89225413936055e-05,2.79370801555718e-06,2.23607846414779e-06
"E05000078",0.0126510826513457,5.3707405932631e-05,2.94908314651577e-06,2.41886772845802e-06
"E05000066",0.0125392444517087,1.93161695364492e-05,2.68508276252616e-06,2.78163508273174e-06
"E05000072",0.00500259232232537,1.40604776952123e-05,1.41309246621503e-06,1.07348336124001e-06
"E05000083",0.0103686847731397,1.8959064551612e-05,2.07918083316133e-06,2.14662835521378e-06
"E05000081",0.00830308776090117,1.74553252435573e-05,2.42838013256403e-06,1.66115365604892e-06
"E05000071",0.0074463948803612,1.66086245841475e-05,2.28329273127759e-06,1.84224984821473e-06
"E05000079",0.00378901684493663,9.41601127669592e-06,1.07545570260078e-06,1.5103074055248e-06
"E05000075",0.0112447919861113,5.22141478051251e-05,2.01169266120544e-06,3.64864706339975e-06
"E05000065",0.00793600398337926,2.22128300376992e-05,1.45611314926488e-06,1.87637096125147e-06
"E05000084",0.0061923365603599,1.51360433917615e-05,1.15109489221073e-06,6.58475919904069e-07
"E05000076",0.0128826490816261,2.02795432551483e-05,2.75664621507163e-06,3.20016041286433e-06
"E05000074",0.00941646393451414,1.35746591925408e-05,1.87244080315685e-06,2.61890785228559e-06
"E05000067",0.0120734511894822,2.33034530441207e-05,3.51609377786081e-06,2.59044467860788e-06
"E05000073",0.0122167506977566,2.3324984824759e-05,3.46987266768599e-06,2.73544363323808e-06
"E05000069",0.0144100029188968,3.04156696175173e-05,4.12002737278337e-06,2.86069663688232e-06
"E05000082",0.011004555039485,1.37287037359068e-05,1.7606056063583e-06,2.71533759706565e-06
"E05000068",0.0105481506535922,1.54696421924047e-05,2.10549274866783e-06,2.74618452758693e-06
"E05000080",0.00963099278497288,1.36453508842037e-05,1.7747928468305e-06,2.36369299125309e-06
"E05000064",0.008756657847566,1.63355268506846e-05,2.11431131396941e-06,1.85994929029851e-06
"E05000070",0.0104562548066861,1.83549829481148e-05,2.26771126339848e-06,2.42275429179087e-06
"E05000077",0.00905011510516547,1.38923269885878e-05,1.88302127145152e-06,1.75533165141566e-06
"E05000195",0.00881204324777119,2.53478381034358e-05,3.51025750938398e-06,1.45426410381184e-06
"E05000213",0.0117903624292849,1.63785975874889e-05,2.40130758612545e-06,2.16715239725572e-06
"E05000196",0.00462831076564961,8.68446162656656e-06,1.20343341189252e-06,8.11851480655201e-07
"E05000202",0.00617683405676254,1.018489551663e-05,1.25523695433331e-06,9.81951864505613e-07
"E05000212",0.0521833694194568,9.33740499125642e-05,5.54877733259857e-06,3.5797519563975e-06
"E05000205",0.0157721960088738,3.88725359857321e-05,3.43899695342799e-06,2.78119162167834e-06
"E05000197",0.144330354271565,0.000183399052891915,4.25217584985837e-06,4.04863792123655e-06
"E05000204",0.00905042697209294,5.26060997286176e-05,1.9913262625768e-06,1.81817414658111e-06
"E05000200",0.0100035133890146,1.69726596618334e-05,2.2688331239318e-06,1.84492642898037e-06
"E05000203",0.00797600323178244,1.49385129723388e-05,1.75661552527913e-06,1.98592490996875e-06
"E05000206",0.0117384650007419,3.29181480827083e-05,2.3490942598555e-06,2.77032489997225e-06
"E05000198",0.0740664469368373,6.23322063675097e-05,2.1024564910228e-06,2.20003381008248e-06
"E05000193",0.0213901649133492,4.66149712562487e-05,5.99909011886968e-06,3.93647977086023e-06
"E05000209",0.0147679624712009,3.04919989780467e-05,4.74594327789824e-06,2.73064554709444e-06
"E05000208",0.0110955666144913,1.68546994827861e-05,2.42913042829464e-06,2.04978291246209e-06
"E05000201",0.0156429764081683,3.7074035543348e-05,4.2597831376937e-06,3.02427444335145e-06
"E05000194",0.0128669626814131,2.06903718376221e-05,3.14566933086131e-06,2.64310441438134e-06
"E05000210",0.0118729674739494,1.79567293866793e-05,2.30995587557993e-06,2.43063745970973e-06
"E05000207",0.0129226509269601,2.66630633952801e-05,3.77688871110866e-06,2.64208193099946e-06
"E05000211",0.0168915199494598,4.13075456406056e-05,6.04837580364083e-06,3.26683023164377e-06
"E05000199",0.0134507475147826,3.32226862113458e-05,4.5830033867145e-06,2.61221285020061e-06
"E05000604",0.0149587285967246,2.86910243652537e-05,4.12398255205542e-06,2.65492768655659e-06
"E05000599",0.00733345929900749,1.16900164558622e-05,1.26766255495098e-06,1.38402559001687e-06
"E05000600",0.00816942747742158,1.49269568424871e-05,2.04790336911456e-06,1.67119565522584e-06
"E05000607",0.0159426932571945,3.48438704943267e-05,5.58391870705531e-06,3.09869312425676e-06
"E05000593",0.00648620948470284,9.928510215266e-06,1.40706808919189e-06,1.25030467995261e-06
"E05000591",0.0231111979693356,4.34391448580776e-05,6.25501570633375e-06,4.28316880231257e-06
"E05000603",0.0145727436392234,2.6821561366462e-05,2.65667147581268e-06,2.08249390426357e-06
"E05000606",0.0152989839527911,2.55891791945745e-05,2.67774614875366e-06,2.72332190848313e-06
"E05000596",0.0256020845248281,4.75993532984982e-05,6.64016341003849e-06,4.53793927902825e-06
"E05000595",0.015824345007392,2.83765610768763e-05,3.54941465156449e-06,2.82937349501204e-06
"E05000608",0.0163566798825526,2.48022591261575e-05,3.23769506105615e-06,3.04332388891068e-06
"E05000601",0.0196104033370378,3.39257174157504e-05,4.03394272120213e-06,3.71881366754398e-06
"E05000609",0.0149032662067194,2.87933695246713e-05,4.28384413760785e-06,2.60713457012957e-06
"E05000592",0.0179326536053143,3.5151266116328e-05,4.93157967867016e-06,3.47073432158069e-06
"E05000597",0.0144692200557772,3.01994543472709e-05,4.5508497890788e-06,3.0269036054072e-06
"E05000590",0.0201243670013337,3.06025207372046e-05,3.62883231358399e-06,4.27452188621029e-06
"E05000602",0.0121123704027613,1.98519005934251e-05,2.83651493788075e-06,2.41337039315609e-06
"E05000594",0.0108307290169831,1.5776709455987e-05,2.49051623401363e-06,2.17737866469761e-06
"E05000598",0.0086726262677004,1.35685558699742e-05,2.18003046390079e-06,1.82639671270354e-06
"E05000605",0.0273379961471123,6.05824402482244e-05,9.08518768866595e-06,4.93022689106595e-06
"E05000515",0.00859466740965045,1.92982613284369e-05,3.23661942320894e-06,1.57182405009043e-06
"E05000502",0.0166540073266053,3.23736020840216e-05,4.85388004711406e-06,2.87442357532997e-06
"E05000510",0.0143101153247419,2.15021509743379e-05,3.48877428025546e-06,2.85543838876963e-06
"E05000511",0.0201826186396706,4.80474948323607e-05,7.22623080164969e-06,3.57395518592775e-06
"E05000503",0.00821112373341146,1.25473443144726e-05,1.73191641674987e-06,1.54900653424437e-06
"E05000505",0.0121022716530071,1.7047019244271e-05,2.37280187625809e-06,2.38945890686677e-06
"E05000495",0.00518084921260057,1.09091143216147e-05,1.90721950564464e-06,1.07716864874636e-06
"E05000497",0.0108779428883527,2.22965744432247e-05,2.51012534631171e-06,2.67515892950774e-06
"E05000506",0.00424118300571461,7.95082661534233e-06,1.11111757296528e-06,9.5596571356191e-07
"E05000507",0.0165621591487609,2.49290814237294e-05,2.87821614943145e-06,3.43467968942268e-06
"E05000501",0.0172654370408721,2.86401853163266e-05,3.71811897544039e-06,3.56164768454488e-06
"E05000508",0.0126971202570029,1.63989779129809e-05,2.14406015777303e-06,2.69570809097117e-06
"E05000514",0.0177909372909685,3.81680565235501e-05,5.03074397597871e-06,3.36050107888116e-06
"E05000512",0.0138881683347146,1.97961842951292e-05,2.64930716423885e-06,2.79845777328313e-06
"E05000513",0.0173430652468957,3.38918842793711e-05,5.50431404758751e-06,2.94685318775614e-06
"E05000500",0.0172197657333319,3.69043289176524e-05,5.76105033466595e-06,3.31048599954683e-06
"E05000499",0.0214708882775997,4.28481595014178e-05,6.83055485816699e-06,3.88226561988812e-06
"E05000496",0.0155998751500423,2.38127550458123e-05,3.89813812629205e-06,3.08197755329242e-06
"E05000504",0.0095993938604739,1.22384696887422e-05,1.76685485030685e-06,1.91829398478841e-06
"E05000498",0.0112841505122286,1.49610707617999e-05,2.03121073639203e-06,2.47869679542981e-06
"E05000509",0.00925888537309504,1.31548234041606e-05,2.00489279096101e-06,1.53388595868034e-06
"E05000559",0.00448227603143727,7.89792700568604e-06,1.19443487762331e-06,9.42992725967289e-07
"E05000560",0.00792689019824055,1.15842160770777e-05,1.72679461406198e-06,1.36339272382907e-06
"E05000556",0.00775692893122196,1.15695377631584e-05,1.5699198431588e-06,1.2200540103788e-06
"E05000562",0.0120607171223162,2.10236177442406e-05,2.89064609066418e-06,2.71336179074885e-06
"E05000571",0.00751489664166307,1.15455497006108e-05,1.52854255694628e-06,1.79720711774459e-06
"E05000557",0.00877331296681341,1.28898428249967e-05,1.67879017657826e-06,1.79654597048643e-06
"E05000561",0.0116157986016388,1.54363784656001e-05,2.28881468323461e-06,2.35641869197158e-06
"E05000572",0.00985763181804836,1.27618062211837e-05,1.75270607950206e-06,2.03426553004165e-06
"E05000566",0.01187350431285,1.67091611813196e-05,1.86048074410542e-06,1.52159044241847e-06
"E05000567",0.0129686672888867,1.9850920956014e-05,2.69526172807667e-06,2.11192518781534e-06
"E05000564",0.0133279814955579,1.90606588701744e-05,2.16771157477511e-06,2.17043042723517e-06
"E05000558",0.0123875433042908,2.07554274938684e-05,3.00773301617012e-06,2.47490148637645e-06
"E05000565",0.0118533551026558,1.9807649880637e-05,2.82591142327644e-06,2.51322072093327e-06
"E05000563",0.0126045558488686,2.08791099866793e-05,3.18022092962303e-06,3.36972515779145e-06
"E05000568",0.00998437966917175,1.39448976102767e-05,1.9387185570912e-06,2.26654587677643e-06
"E05000570",0.0100366792239564,1.59960987344244e-05,2.29948179647471e-06,1.9269295535951e-06
"E05000569",0.0105926498108562,1.73243578603769e-05,2.48089158004856e-06,2.18585834194447e-06
"E05000555",0.00721681411884007,1.9899604297891e-05,1.76824762059106e-06,2.82242143347512e-06
"E05000520",0.00509221151363619,1.01362094652181e-05,1.56777788282606e-06,9.95416922800416e-07
"E05000530",0.00752017172012917,1.19654995235766e-05,1.41283945320579e-06,1.12166561154035e-06
"E05000522",0.00816531081292963,1.35206574823617e-05,1.54152922085162e-06,1.24569093335135e-06
"E05000523",0.0105830739091517,1.62561006630686e-05,2.60585445262051e-06,2.28384583736462e-06
"E05000531",0.0124135443934344,2.12472853695275e-05,2.61621749819692e-06,2.29269234922288e-06
"E05000519",0.00442142167154573,7.82578277069871e-06,1.16869094250416e-06,6.90816183275791e-07
"E05000526",0.0186090702320246,5.02239614902675e-05,3.47852783512035e-06,2.25920233785788e-06
"E05000524",0.0122044497495755,2.52704949658723e-05,2.09494652760472e-06,1.51525629566124e-06
"E05000517",0.00653619708704806,9.21367944624469e-06,1.218211857813e-06,8.81274238429244e-07
"E05000525",0.0225229543146237,4.17251692725769e-05,4.74289674800876e-06,3.08090980660424e-06
"E05000521",0.00860608857659,1.17632182872009e-05,1.62892673732526e-06,2.23952352198043e-06
"E05000518",0.0101616591324836,1.57322397040399e-05,2.23203851061548e-06,2.48809346085458e-06
"E05000532",0.0112482702917447,1.87621288784853e-05,2.95655348674821e-06,2.67441251850379e-06
"E05000533",0.0123738807658726,1.8588429716257e-05,2.88786683664817e-06,2.58977095569124e-06
"E05000529",0.0119820589683461,1.70343547641075e-05,1.96927170256497e-06,2.02806188838476e-06
"E05000527",0.0174190470370302,3.19600479115315e-05,4.23184226834284e-06,2.92731743061499e-06
"E05000528",0.0129428818513628,2.31069664440916e-05,2.37350404916041e-06,1.6427482377184e-06
"E05000516",0.0121285316680815,2.20846710225074e-05,2.7320280556928e-06,3.11797291914203e-06
"E05000456",0.00986744911808203,1.48405228651597e-05,2.04646640047718e-06,2.43008853218781e-06
"E05000458",0.0102093167632373,2.25015380925233e-05,3.09462401450377e-06,2.57574304464527e-06
"E05000472",0.00649845334199599,1.02954862112559e-05,1.01977919975171e-06,9.18282038501937e-07
"E05000474",0.0121666453123508,1.87592570141386e-05,2.32790148183217e-06,2.70556763695558e-06
"E05000465",0.00812660015885003,1.12472959179558e-05,1.60629678247604e-06,2.01816994458767e-06
"E05000473",0.0106951744873414,1.91769290760936e-05,2.89004095891139e-06,2.44215819535436e-06
"E05000469",0.0144477454344048,2.45552526225266e-05,3.43996882802046e-06,2.76755561968156e-06
"E05000459",0.0187424901714827,3.03143387917545e-05,3.46208422610197e-06,3.28691504569963e-06
"E05000470",0.00983280112508539,1.64749141540341e-05,2.25966936507567e-06,2.26479163357385e-06
"E05000468",0.0113718260621237,2.0594239883938e-05,2.6406896834381e-06,2.88821987336078e-06
"E05000466",0.0157105816924386,2.99414695479415e-05,3.90227194284516e-06,3.18636444396317e-06
"E05000455",0.0182845867970562,3.09744591878975e-05,3.6630289313325e-06,3.09598892156369e-06
"E05000460",0.0125643243231965,2.15863802065022e-05,2.95126484254313e-06,2.1870221994217e-06
"E05000467",0.0104394525754589,2.05695307246991e-05,3.04549275682848e-06,2.02525644155288e-06
"E05000461",0.0155661000714427,1.77459366948337e-05,2.03948535944278e-06,3.0956193257692e-06
"E05000464",0.0114170922870777,1.72677225397985e-05,2.2325569856817e-06,2.64348471737365e-06
"E05000462",0.0188363062095559,3.0424925654392e-05,3.22143558547245e-06,2.56964946178535e-06
"E05000471",0.0205848801391755,3.46164760790987e-05,3.72403627206121e-06,3.49821102255224e-06
"E05000463",0.0133723512292477,2.42367706919941e-05,2.95503765600667e-06,2.54032461110094e-06
"E05000457",0.0157053186472187,2.55119105121546e-05,2.99836480543976e-06,2.66491795442835e-06
"E05000621",0.0115846604217313,2.10967430449195e-05,3.23680014593337e-06,1.49378471793627e-06
"E05000625",0.0223624190662309,3.88040168743204e-05,4.04312965529815e-06,3.31526360473022e-06
"E05000627",0.0176771039431288,2.67559426871999e-05,2.98572026961066e-06,2.62877081907383e-06
"E05000628",0.0132477230831687,1.77383272804052e-05,2.03644506001677e-06,1.67594020104921e-06
"E05000629",0.0160512414385906,2.47227202584967e-05,2.89235750538339e-06,2.38744623441009e-06
"E05000613",0.0185979391675066,2.96239581247632e-05,3.48312439506355e-06,2.9569918982073e-06
"E05000616",0.0239202980892086,3.61952707466435e-05,3.34422909431915e-06,3.76009093695883e-06
"E05000626",0.0284288085544737,4.51234026520284e-05,3.28877339842138e-06,3.61395549055258e-06
"E05000624",0.0197423618848051,3.07056949214698e-05,3.08155739305743e-06,3.85876270042564e-06
"E05000612",0.0175217398022036,2.69419455756144e-05,2.8792391944885e-06,4.64574152055543e-06
"E05000618",0.0207194871416552,3.06090009461527e-05,3.29115047595654e-06,3.31607209591654e-06
"E05000615",0.0176545344887245,2.32356344462249e-05,2.90995388893761e-06,2.91954155785918e-06
"E05000611",0.0151190336305589,2.07272271265813e-05,2.44035619761626e-06,2.11023764343476e-06
"E05000610",0.0224906966822153,2.93882389308823e-05,3.03641900806708e-06,3.64279191684269e-06
"E05000614",0.0264604070618531,5.94765966040357e-05,7.97099133766774e-06,4.65495911870492e-06
"E05000619",0.020434154869786,3.30307621622694e-05,3.79930433520987e-06,3.34516145598406e-06
"E05000617",0.0261124259261369,5.03191461617558e-05,5.85667256056039e-06,4.07502796562774e-06
"E05000622",0.0208655566777747,4.14832880553533e-05,4.93886439254266e-06,3.3755511806093e-06
"E05000620",0.0153336477487954,3.5533527729909e-05,3.65020277163229e-06,3.03788905450817e-06
"E05000623",0.025765394751273,4.70296345770962e-05,5.46150187921277e-06,4.65162050657405e-06
"E05000259",0.0209235055694777,3.28938010871498e-05,2.87565055905379e-06,2.58914798441638e-06
"E05000257",0.0331547783893306,4.44350928394175e-05,4.06467965647677e-06,4.99685429076778e-06
"E05000262",0.0189873311235313,3.02262579938161e-05,2.38572027158067e-06,2.70863114647067e-06
"E05000260",0.0302375564238788,4.46877468840665e-05,4.18586023325161e-06,4.29585775544883e-06
"E05000254",0.0337074853618289,5.25433449387749e-05,4.52112682859862e-06,5.08297033699599e-06
"E05000261",0.0282014226923096,5.4921835299909e-05,7.58040198033854e-06,5.55130115083456e-06
"E05000256",0.0359413079117268,7.89606029071895e-05,9.95952367219429e-06,6.07474970230518e-06
"E05000252",0.0410546343401344,7.8307113688962e-05,8.9969014006587e-06,5.81579410284666e-06
"E05000251",0.0250875661227771,3.74359412385518e-05,4.51476646465782e-06,3.56370939815697e-06
"E05000265",0.0294772188245228,6.11773117282122e-05,8.76518043666058e-06,4.71796228630892e-06
"E05000263",0.0261893767122318,5.1284253881913e-05,5.66310979777458e-06,4.09604180625679e-06
"E05000253",0.0179299423262597,4.57717690881928e-05,3.93638292572224e-06,2.41795955459488e-06
"E05000264",0.0324111403919292,4.70297321948185e-05,4.66677119451349e-06,5.27529739248838e-06
"E05000255",0.0327910862491246,5.49517288958854e-05,5.39294576308322e-06,4.00915619392963e-06
"E05000258",0.0380852730192978,6.18158849848058e-05,6.44423159061709e-06,5.22531097343869e-06
"E05000250",0.0369108797692855,6.45444801377423e-05,6.74431665001759e-06,6.39107654396675e-06
"E05000387",0.0499060755150089,9.7473424809415e-05,8.7715580092483e-06,6.84275304947403e-06
"E05000391",0.0347136755999471,6.62083648713201e-05,6.93137557071196e-06,4.83309524817339e-06
"E05000392",0.0316996508262976,5.54697680215296e-05,5.76911653136714e-06,4.80638604090767e-06
"E05000389",0.0253675478250728,6.43153219343298e-05,4.31480205468991e-06,3.141797875444e-06
"E05000396",0.0519120504568943,9.16159601837206e-05,8.34244143389807e-06,7.13950507466255e-06
"E05000399",0.0538358841133835,9.93715939102846e-05,8.24675009581026e-06,7.59808287113798e-06
"E05000397",0.0400464849110672,7.59033030920408e-05,7.17947668292654e-06,5.00724110761114e-06
"E05000383",0.0592643714564428,0.000115779094951631,9.98351862583922e-06,7.92557102617121e-06
"E05000382",0.0479896227886851,8.77101904080638e-05,8.31688542950428e-06,6.45675850087946e-06
"E05000394",0.036866614394477,6.15157896582498e-05,5.06088903134318e-06,5.33931256333046e-06
"E05000393",0.0292212441609475,5.57327000004141e-05,6.23104604350508e-06,4.048863433832e-06
"E05000385",0.0375812048163471,7.1864164093913e-05,5.53592295319173e-06,4.70741396436201e-06
"E05000398",0.0243736170403473,5.18071615698719e-05,5.26148641838314e-06,2.88843660031453e-06
"E05000388",0.0548979152778478,0.000102249777985391,1.10331394013575e-05,1.02661652473364e-05
"E05000386",0.0580811705207348,0.000102627176776474,9.51313821578139e-06,9.27174625379087e-06
"E05000395",0.0508881286888041,8.33227504705147e-05,6.3906599683459e-06,5.36516746376801e-06
"E05000390",0.0514127173938691,9.00437658139665e-05,6.69374936667476e-06,6.55205433500159e-06
"E05000384",0.0415996718313671,6.71710523993475e-05,5.23144586347697e-06,5.34745970803801e-06
"E05000644",0.0617641686334131,0.000150520810851644,9.48984542413777e-06,1.43231350823689e-05
"E05000638",0.0495313944829942,0.00010037390499707,6.85314237001724e-06,1.03131624632586e-05
"E05000637",0.0440746542020484,0.000109924119749579,8.47631081960786e-06,5.72713160197706e-06
"E05000636",0.0643616371276458,0.000167098804274812,1.42884538938922e-05,1.09962050444887e-05
"E05000633",0.045733096619859,0.000109546101173094,9.18016992809619e-06,7.14192660554498e-06
"E05000646",0.0427405583017248,0.000111662812694101,7.34692720271192e-06,5.87580426256653e-06
"E05000649",0.0728623998503507,0.000152684512064702,7.78387223667162e-06,1.95946046129735e-05
"E05000635",0.0328583857474795,5.27006747753041e-05,4.57090286697944e-06,6.19296216255651e-06
"E05000632",0.0643996181183197,0.000142489380654856,1.03169610843389e-05,1.2005088539901e-05
"E05000643",0.0348452585297091,7.5206759094044e-05,6.69789661853595e-06,4.79488152268472e-06
"E05000630",0.0346494536767323,6.23421007780476e-05,5.23008968382043e-06,5.79895432860436e-06
"E05000641",0.0654039930784604,0.000150097874525515,8.35298060413385e-06,1.45487690389505e-05
"E05000642",0.0345451000277646,6.30804701765256e-05,6.21782038031286e-06,7.20117686131667e-06
"E05000631",0.0439289820053393,9.7941696971279e-05,6.8819029017205e-06,8.09866211585021e-06
"E05000647",0.0567659795095773,0.000131029366014449,9.45073288410717e-06,9.61392753604381e-06
"E05000645",0.0603349545185989,0.000128059424277127,1.03910620293103e-05,9.74627720943518e-06
"E05000648",0.0403193646456024,8.55885235467274e-05,6.34789701222944e-06,6.74044338229676e-06
"E05000639",0.0463403930027993,9.95181102489421e-05,8.49969527167973e-06,7.68822828928166e-06
"E05000640",0.0320901605435364,4.94014946785157e-05,4.06197529652164e-06,5.88394902810592e-06
"E05000634",0.0519154885618782,0.000122251999874119,1.09908698596242e-05,8.32816276965135e-06
"E05000144",0.0350425703680553,6.70727185347686e-05,6.17589209597847e-06,4.45438289444883e-06
"E05000137",0.0121920034930297,2.32888080362342e-05,2.18916631098226e-06,1.67717964316069e-06
"E05000140",0.0337964218399981,5.91781386178628e-05,4.89644043361009e-06,4.07084000224679e-06
"E05000129",0.073076801766207,0.000138855460792148,6.93373333325396e-06,1.237990287074e-05
"E05000138",0.0698990636605174,0.000139408568022759,7.86647138352978e-06,1.23612421316272e-05
"E05000143",0.0397995418294452,9.28660091684623e-05,8.23290997398698e-06,1.096512272746e-05
"E05000130",0.031575860039186,6.05565536022852e-05,5.5518703463718e-06,5.19358279272932e-06
"E05000131",0.0327740335384077,6.48534373575459e-05,6.5403113131044e-06,4.92572508462325e-06
"E05000141",0.0631831613605883,0.000121529771957716,7.23052053513439e-06,9.28982687361418e-06
"E05000132",0.0259146393421284,4.77188466610161e-05,4.74634188409652e-06,3.65409433568666e-06
"E05000133",0.0333632536634897,5.98214820866882e-05,5.77785500278159e-06,4.25320456477052e-06
"E05000134",0.0299018321753717,5.80256357061698e-05,5.94590158958049e-06,4.73655885161504e-06
"E05000135",0.0210927182640626,3.80982816973866e-05,4.15799352875036e-06,2.62090690340526e-06
"E05000139",0.0295036954004289,5.85758595415604e-05,5.74976344223104e-06,5.59889537261324e-06
"E05000145",0.0301914690449776,5.45666943634833e-05,5.45725046994861e-06,4.36426726769968e-06
"E05000128",0.0367128500874119,6.25412366892947e-05,5.77633143742704e-06,4.87727817120125e-06
"E05000136",0.0330199584790938,6.06338920137094e-05,5.53073256540254e-06,5.28974270501526e-06
"E05000142",0.0390058565188197,8.78037143512879e-05,8.37077743894599e-06,6.32922089905907e-06
"E05000583",0.0205484329368538,5.0106031678967e-05,4.43457278837224e-06,3.5400746710557e-06
"E05000575",0.019605413670914,7.06277540951736e-05,7.33950171209393e-06,3.48166919224571e-06
"E05000586",0.0301360256622391,8.40621352505352e-05,8.63061700566801e-06,5.4206324186344e-06
"E05000585",0.030398262610818,0.000101917967168272,9.81392149779148e-06,4.96153831621635e-06
"E05000580",0.0267180236830282,7.27235075499281e-05,8.2173658021967e-06,5.07891016944198e-06
"E05000574",0.0270615007349786,5.19929166436308e-05,4.5391446635605e-06,4.23038677666068e-06
"E05000581",0.0247048210453321,4.71141090359604e-05,4.53546361619256e-06,4.26731755166665e-06
"E05000573",0.0251511616119853,5.25521500871543e-05,5.39831438384485e-06,4.30849706593756e-06
"E05000584",0.0263216662500271,4.89846754865806e-05,4.77154128200058e-06,4.48916522422955e-06
"E05000582",0.0218202413626825,4.5662825664611e-05,5.06956450639034e-06,4.34762772986182e-06
"E05000579",0.025743135142582,6.24768806469452e-05,9.08483764534845e-06,4.84247702758184e-06
"E05000578",0.0236293905485457,5.53667947757848e-05,7.39221763014025e-06,5.01801035435544e-06
"E05000577",0.0202803133095178,4.00906673334387e-05,4.22768321574185e-06,3.63128155224199e-06
"E05000576",0.0202137068720086,5.06053142634861e-05,6.81781021976937e-06,3.97433645452638e-06
"E05000589",0.0400287800746148,8.43119927951008e-05,6.42349357090379e-06,5.61104851075984e-06
"E05000587",0.0402570081084578,8.48798710940204e-05,6.58216428480942e-06,6.19741544072361e-06
"E05000588",0.027464073339245,5.47600760219478e-05,4.71424160282276e-06,3.87962523188262e-06
"E05000370",0.0633459792933243,0.000169474011215125,5.17063867570619e-06,7.27510675153199e-06
"E05000368",0.0251220702081454,5.2326953588203e-05,4.70357871484196e-06,4.69049375544339e-06
"E05000379",0.0299336892170864,5.55430840977482e-05,5.88974691101574e-06,5.19408031752492e-06
"E05000375",0.0268971836209921,5.26660791671348e-05,5.63301352515467e-06,3.48167832062604e-06
"E05000372",0.0244286705770892,3.99121500918229e-05,4.58357860769095e-06,3.95096149162979e-06
"E05000373",0.0251247095151654,4.76264436861861e-05,5.40394666598466e-06,4.61973132518311e-06
"E05000381",0.024586420093586,4.25746595376233e-05,4.61102494069347e-06,4.46681766769666e-06
"E05000367",0.0586020378206386,0.000125612463124652,5.43813800958642e-06,6.63523329393183e-06
"E05000380",0.0326669605640905,6.3749309723522e-05,5.85231999421353e-06,4.91232925901012e-06
"E05000369",0.0262941797202251,4.77511950251043e-05,5.02873656819135e-06,3.65005871354662e-06
"E05000366",0.0324869538490923,6.44401253940237e-05,6.11683740238678e-06,6.11446464216188e-06
"E05000378",0.0259841022889804,4.18729109979782e-05,4.41386345743954e-06,3.31969697554127e-06
"E05000376",0.02857355246476,5.55399210720604e-05,5.67204474949538e-06,4.04482902232878e-06
"E05000371",0.0265077178763519,4.8313375200093e-05,5.5305068405615e-06,4.9694883456485e-06
"E05000374",0.025023735093701,3.9294496784721e-05,3.69571605231958e-06,3.16769503653373e-06
"E05000377",0.0236575077687992,3.56879876346194e-05,3.68347371313031e-06,3.22305530575601e-06
"E05000239",0.030236214708767,6.66369618941588e-05,6.47478873423596e-06,4.94035259706638e-06
"E05000231",0.0237252845649104,4.81795789504936e-05,5.73566143445978e-06,3.40440940795893e-06
"E05000236",0.0263007786891394,5.60116678051375e-05,5.6531697020814e-06,4.12190445714528e-06
"E05000245",0.0233895710703106,5.04516596440696e-05,4.82599369151849e-06,3.8992993131972e-06
"E05000249",0.0204760539234866,5.34070005141535e-05,7.40581931820651e-06,4.46616140389899e-06
"E05000235",0.0253017273624789,4.95592149449152e-05,4.87665200237936e-06,4.79262138968264e-06
"E05000247",0.0250355932121136,4.28485484905912e-05,4.56050902672027e-06,6.42379492167271e-06
"E05000238",0.0232421579372133,3.90112323038558e-05,4.27127097762563e-06,3.52243671855366e-06
"E05000242",0.0181969747285039,3.29852949172599e-05,3.47069548057675e-06,2.74410380680608e-06
"E05000244",0.0223556970441571,3.94528482522819e-05,4.51488721705879e-06,3.31294267085624e-06
"E05000232",0.021841590576329,3.21234244198637e-05,3.74199850439917e-06,3.62648474114538e-06
"E05000241",0.0120036448832489,2.75725820189578e-05,3.57535981565905e-06,2.10930072681798e-06
"E05000240",0.0323532517901496,6.92162884739208e-05,6.47688147924821e-06,4.49243122986151e-06
"E05000248",0.0254067430865581,4.71385207938575e-05,5.1105886810855e-06,4.64410323780088e-06
"E05000237",0.0242153578875788,5.0019024678934e-05,4.92870665134987e-06,3.80632616756278e-06
"E05000233",0.0258259494956299,4.84640895729484e-05,4.70521843921671e-06,4.32222134588668e-06
"E05000234",0.024776950755302,3.96907296293743e-05,4.29026113711054e-06,5.41464861158091e-06
"E05000243",0.0205454953642995,3.49870659588325e-05,4.16610777122371e-06,3.81333653046185e-06
"E05000246",0.0184990600533465,2.21798571984325e-05,2.34189956019858e-06,2.07177412733062e-06
"E05000272",0.0153503698466591,2.75409121209506e-05,3.64586749674374e-06,2.12118511949497e-06
"E05000271",0.0192274641923659,3.5892687151005e-05,4.15189253400668e-06,3.53281493351339e-06
"E05000270",0.0144501244922953,2.10653469054115e-05,2.61369506190737e-06,2.10257141508102e-06
"E05000267",0.0166976793492398,3.22318764133485e-05,3.75604067756692e-06,2.81178387894858e-06
"E05000269",0.0175328346957474,2.5755448778709e-05,3.01235227079108e-06,2.40243062909451e-06
"E05000279",0.0177828034158736,2.82930734429437e-05,3.25726091971068e-06,2.94156044940218e-06
"E05000274",0.0158274242509819,2.58359558648509e-05,3.39567658409508e-06,2.39125187018768e-06
"E05000273",0.0175228886608283,3.01169969053968e-05,3.76388647945236e-06,3.33260882335047e-06
"E05000266",0.0136886989188864,2.3112336002562e-05,2.86253624096038e-06,2.26568047622728e-06
"E05000275",0.0217112191869605,4.29511134840504e-05,4.8260761901884e-06,4.00022935310049e-06
"E05000284",0.0172647898715382,3.1127792642154e-05,3.62663865584437e-06,3.07404722031871e-06
"E05000277",0.0193711613739275,3.42895144057435e-05,4.05498358991141e-06,3.18415125663236e-06
"E05000278",0.018922542896983,3.50822933208312e-05,4.11164076724378e-06,3.20443774947727e-06
"E05000280",0.0221004019752477,4.7468245252333e-05,5.60945870094352e-06,3.51039319491445e-06
"E05000282",0.0195213982607168,3.53500917828035e-05,4.27209632020223e-06,3.58055924805009e-06
"E05000281",0.016656981934937,3.51998473412677e-05,4.62994989448595e-06,2.79205083102949e-06
"E05000283",0.0166541996497741,3.20677357683416e-05,4.16355208146404e-06,3.28749465399132e-06
"E05000268",0.0218153419207283,4.43341468440119e-05,4.95495593330335e-06,3.45895835965843e-06
"E05000276",0.0148771546044305,2.84603386960446e-05,3.06619486404217e-06,2.2298968930808e-06
"E05000491",0.0293438299500286,6.12824407838737e-05,3.02420039065239e-06,2.22492463531377e-06
"E05000477",0.0119115807552161,2.65605854183896e-05,3.12075804222316e-06,3.51047999969604e-06
"E05000475",0.0301055781581144,6.29249789792752e-05,2.86395373302864e-06,1.47134871440707e-06
"E05000482",0.0231669785220316,5.1894501110874e-05,7.23947936341381e-06,4.76488324209545e-06
"E05000492",0.0132684962558925,5.84268337607235e-05,3.05593144746687e-06,3.71307855208895e-06
"E05000478",0.017931845057061,4.84297015451626e-05,5.62117324997259e-06,4.25135925167217e-06
"E05000479",0.0206620571910962,4.69098989943708e-05,4.95764280308182e-06,2.6500594108427e-06
"E05000490",0.0189985230280481,3.26977479683358e-05,3.84442573224066e-06,3.94011317247441e-06
"E05000494",0.0205670700755762,3.49672520358032e-05,3.7788352189662e-06,3.49808238272686e-06
"E05000489",0.0187539223869042,2.94833055606263e-05,3.47852289207375e-06,3.78582615675935e-06
"E05000484",0.0245508728857436,3.63270222455462e-05,3.67256993755727e-06,3.93733340517013e-06
"E05000476",0.0198459979178872,2.9563098813842e-05,3.06938791874113e-06,4.19349108679298e-06
"E05000480",0.0220091534670269,3.75352080126752e-05,4.1396263176381e-06,5.00711368018561e-06
"E05000486",0.0289208632859929,3.13114806603079e-05,2.96709602000025e-06,4.046030922671e-06
"E05000485",0.0207515703064143,2.79169209085667e-05,2.71885109910248e-06,4.60678405911314e-06
"E05000481",0.0214209067421502,3.06331581052279e-05,3.26129856195452e-06,4.59259351209058e-06
"E05000493",0.0221685917274414,4.80587023944926e-05,6.71520112265764e-06,6.44022785275678e-06
"E05000483",0.0188364132607488,3.04303140329517e-05,3.31852961077385e-06,3.39084091487069e-06
"E05000488",0.0169611586918358,2.74392987999856e-05,3.03949267857292e-06,3.65183259701743e-06
"E05000487",0.0157468390933174,3.31109018019794e-05,4.35581803781015e-06,3.13799161231556e-06
"E05000032",0.0172025883510704,4.232870209722e-05,5.59739524553415e-06,2.85769743190028e-06
"E05000039",0.0253202860614949,2.60319408719423e-05,2.74605539649991e-06,3.02523180276733e-06
"E05000038",0.0526304192790709,6.47439198635705e-05,2.71305556507248e-06,3.14075699147763e-06
"E05000041",0.00848906545468241,1.72478121596812e-05,1.78466289138123e-06,2.14511105294836e-06
"E05000026",0.0162512540428345,3.30029491347085e-05,3.60199233698676e-06,2.86314520052691e-06
"E05000035",0.0126879708162156,2.05255240344166e-05,2.3042099585122e-06,2.6802312583304e-06
"E05000031",0.0141802951125532,3.38119022118182e-05,4.56366761190157e-06,3.11413042921157e-06
"E05000033",0.0124778613587417,3.30926969056618e-05,3.47147905323805e-06,3.75680955493837e-06
"E05000036",0.0109869172423028,1.87972143979523e-05,2.26557586274436e-06,2.9963454107844e-06
"E05000028",0.0134828913224976,2.20602669437071e-05,2.68530879905416e-06,3.3700191836736e-06
"E05000027",0.0111169767427588,1.84400490746302e-05,2.08783666978946e-06,3.23824076167896e-06
"E05000040",0.0144498724177784,2.4076791345905e-05,3.15537424239621e-06,3.74950536349349e-06
"E05000034",0.010095120686919,1.81169273320169e-05,2.2861837651895e-06,2.40981161283943e-06
"E05000042",0.0129431277646277,2.39938418456654e-05,2.82061990022501e-06,3.17007722490383e-06
"E05000030",0.00613479916600498,1.14473265866906e-05,1.06968123969253e-06,1.4732250607063e-06
"E05000029",0.00932447882866969,2.09299255377836e-05,2.64117613605326e-06,2.22180612513943e-06
"E05000037",0.0129745841117169,2.1467680921352e-05,2.83102427913019e-06,3.47404474803463e-06
"E09000001",0.0723006613001631,0.000186781870786349,1.14002522774262e-05,1.47813723305993e-05
