New.ward.code,month,mean_ndvi
E05000026,2013-04,0.2913059378691568
E05000027,2013-04,0.45658786065647866
E05000028,2013-04,0.40448789362801246
E05000029,2013-04,0.46194525592292207
E05000030,2013-04,0.485947910008575
E05000031,2013-04,0.40144799708465795
E05000032,2013-04,0.29136004689382583
E05000033,2013-04,0.4495239543877991
E05000034,2013-04,0.5072844725687544
E05000035,2013-04,0.44609796832664705
E05000036,2013-04,0.5073762606701865
E05000037,2013-04,0.4720834013873341
E05000038,2013-04,0.1757883636722053
E05000039,2013-04,0.21650136194714448
E05000040,2013-04,0.40939174567881403
E05000041,2013-04,0.5047105615376085
E05000042,2013-04,0.36783334530440354
E05000043,2013-04,0.45293889657057645
E05000044,2013-04,0.4259725004881612
E05000045,2013-04,0.4156441618161985
E05000046,2013-04,0.34949938193489566
E05000047,2013-04,0.43724064267075424
E05000048,2013-04,0.4820868285606864
E05000049,2013-04,0.47293116644417654
E05000050,2013-04,0.44552925631360935
E05000051,2013-04,0.4495184573006798
E05000052,2013-04,0.5361736063766787
E05000053,2013-04,0.3829619784606499
E05000054,2013-04,0.5143890799394818
E05000055,2013-04,0.41384845752951877
E05000056,2013-04,0.5703300768764031
E05000057,2013-04,0.5454197184896243
E05000058,2013-04,0.47652776676747205
E05000059,2013-04,0.6002834226792174
E05000060,2013-04,0.5250640691175139
E05000061,2013-04,0.3905312601265817
E05000062,2013-04,0.3996146551078126
E05000063,2013-04,0.4166813317046614
E05000064,2013-04,0.5218252566753895
E05000065,2013-04,0.30851792591953914
E05000066,2013-04,0.4390409690383615
E05000067,2013-04,0.4710632460746829
E05000068,2013-04,0.42825810115904756
E05000069,2013-04,0.41844197977164926
E05000070,2013-04,0.4586536882132973
E05000071,2013-04,0.44240071702937983
E05000072,2013-04,0.5657027791517346
E05000073,2013-04,0.48092668239453906
E05000074,2013-04,0.4864057965669986
E05000075,2013-04,0.17277793683342602
E05000076,2013-04,0.37551850943018733
E05000077,2013-04,0.49052940781777
E05000078,2013-04,0.49693281910115344
E05000079,2013-04,0.32712059014487954
E05000080,2013-04,0.42819149902697984
E05000081,2013-04,0.5279567926017048
E05000082,2013-04,0.42342998318100056
E05000083,2013-04,0.4928216099537631
E05000084,2013-04,0.3193224249561848
E05000085,2013-04,0.3328166394927015
E05000086,2013-04,0.47940323935166956
E05000087,2013-04,0.42174965389405966
E05000088,2013-04,0.3784480978094371
E05000089,2013-04,0.34606354274941037
E05000090,2013-04,0.5001948896219995
E05000091,2013-04,0.2977600957276942
E05000092,2013-04,0.32977375440760404
E05000093,2013-04,0.4740604086515674
E05000094,2013-04,0.2838676909538133
E05000095,2013-04,0.38128305858930356
E05000096,2013-04,0.477630339437409
E05000097,2013-04,0.399015318424087
E05000098,2013-04,0.36098359564389365
E05000099,2013-04,0.37657690923370346
E05000100,2013-04,0.27857784685948844
E05000101,2013-04,0.4708141276527023
E05000102,2013-04,0.2973398621093638
E05000103,2013-04,0.37748595248493033
E05000104,2013-04,0.361570746656903
E05000105,2013-04,0.3727153270917252
E05000106,2013-04,0.5190025036476886
E05000107,2013-04,0.45073147205825415
E05000108,2013-04,0.5478421302278762
E05000109,2013-04,0.4568632331867139
E05000110,2013-04,0.5508958221446733
E05000111,2013-04,0.5909734928918067
E05000112,2013-04,0.4443549872874036
E05000113,2013-04,0.5044000148536547
E05000114,2013-04,0.47588726860615227
E05000115,2013-04,0.5143465217231168
E05000116,2013-04,0.5087739568657047
E05000117,2013-04,0.5923879585941945
E05000118,2013-04,0.5412263396522454
E05000119,2013-04,0.5857761206781026
E05000120,2013-04,0.524204942652536
E05000121,2013-04,0.5391531611574786
E05000122,2013-04,0.5089838303113727
E05000123,2013-04,0.4587050049669005
E05000124,2013-04,0.5053726075478902
E05000125,2013-04,0.549646072059177
E05000126,2013-04,0.5151617947019946
E05000127,2013-04,0.5361006164280516
E05000128,2013-04,0.34938422046000583
E05000129,2013-04,0.16016427672741274
E05000130,2013-04,0.2666710441116104
E05000131,2013-04,0.29699474612503274
E05000132,2013-04,0.3627691330546395
E05000133,2013-04,0.3956908855232175
E05000134,2013-04,0.30400573818079135
E05000135,2013-04,0.4751448457388751
E05000136,2013-04,0.29318742801818287
E05000137,2013-04,0.5553977477382671
E05000138,2013-04,0.15255616628599045
E05000139,2013-04,0.24157871766728345
E05000140,2013-04,0.30370111089486435
E05000141,2013-04,0.20365029288271916
E05000142,2013-04,0.3076524525673317
E05000143,2013-04,0.17593068862786393
E05000144,2013-04,0.3985500439594937
E05000145,2013-04,0.2654733652171259
E05000146,2013-04,0.3599985487344636
E05000147,2013-04,0.49307932286141437
E05000148,2013-04,0.37905452912241805
E05000149,2013-04,0.2541447353621859
E05000150,2013-04,0.5663615362840224
E05000151,2013-04,0.5266579059679349
E05000152,2013-04,0.5021242505778328
E05000153,2013-04,0.444833470532702
E05000154,2013-04,0.4950116454943431
E05000155,2013-04,0.5920159456750889
E05000156,2013-04,0.5760009373566249
E05000157,2013-04,0.5136660315518248
E05000158,2013-04,0.4833234007281687
E05000159,2013-04,0.5133213853937438
E05000160,2013-04,0.5637140243990153
E05000161,2013-04,0.33444977013961974
E05000162,2013-04,0.5725065288249578
E05000163,2013-04,0.507280273019811
E05000164,2013-04,0.46741258408565767
E05000165,2013-04,0.39058706884327343
E05000166,2013-04,0.4833811907810538
E05000167,2013-04,0.4780384873217151
E05000168,2013-04,0.36515059422017637
E05000169,2013-04,0.47066467550606794
E05000170,2013-04,0.36582669509998694
E05000171,2013-04,0.47519629934882
E05000172,2013-04,0.4962907975199225
E05000173,2013-04,0.37824943479676376
E05000174,2013-04,0.44402523582581344
E05000175,2013-04,0.263023486818977
E05000176,2013-04,0.4116462809850416
E05000177,2013-04,0.4402219759740958
E05000178,2013-04,0.35157729782967845
E05000179,2013-04,0.4497883588860146
E05000180,2013-04,0.501528440438085
E05000181,2013-04,0.39413372386816
E05000182,2013-04,0.3985564494735665
E05000183,2013-04,0.531804967110225
E05000184,2013-04,0.4589629421790054
E05000185,2013-04,0.5157534160852821
E05000186,2013-04,0.4798972236425669
E05000187,2013-04,0.44466755333635305
E05000188,2013-04,0.32369981539946974
E05000189,2013-04,0.25327932980340295
E05000190,2013-04,0.29567882564282955
E05000191,2013-04,0.323438826442567
E05000192,2013-04,0.38517766349956306
E05000193,2013-04,0.39070916218737695
E05000194,2013-04,0.46896856331385023
E05000195,2013-04,0.5209629971523121
E05000196,2013-04,0.5101900306493183
E05000197,2013-04,0.3446590339322228
E05000198,2013-04,0.32732427164479566
E05000199,2013-04,0.4317950828120838
E05000200,2013-04,0.4989978927683173
E05000201,2013-04,0.41131967162966804
E05000202,2013-04,0.48425014490827956
E05000203,2013-04,0.36973894423639936
E05000204,2013-04,0.3296007290386577
E05000205,2013-04,0.377765350266363
E05000206,2013-04,0.304326820627515
E05000207,2013-04,0.4012428627142956
E05000208,2013-04,0.461002515866924
E05000209,2013-04,0.46651014093006515
E05000210,2013-04,0.4247775563683005
E05000211,2013-04,0.45612125576604473
E05000212,2013-04,0.3025221036342183
E05000213,2013-04,0.4847908789594433
E05000214,2013-04,0.4880487073974789
E05000215,2013-04,0.46709230074651875
E05000216,2013-04,0.4496929489328077
E05000217,2013-04,0.4968387802651676
E05000218,2013-04,0.4757623512434473
E05000219,2013-04,0.5787150954334057
E05000220,2013-04,0.43823417782558177
E05000221,2013-04,0.3274178837382031
E05000222,2013-04,0.3910533051060305
E05000223,2013-04,0.4955485679468098
E05000224,2013-04,0.5480211836580865
E05000225,2013-04,0.1098014591522178
E05000226,2013-04,0.4467258805612033
E05000227,2013-04,0.5603697909673183
E05000228,2013-04,0.27644540260084727
E05000229,2013-04,0.4183826189527077
E05000230,2013-04,0.15099401676881952
E05000231,2013-04,0.3436700085449392
E05000232,2013-04,0.288308736897377
E05000233,2013-04,0.27487997563801186
E05000234,2013-04,0.3032162271507602
E05000235,2013-04,0.26098913081953684
E05000236,2013-04,0.2958308280419808
E05000237,2013-04,0.2794101400930737
E05000238,2013-04,0.3805886380671543
E05000239,2013-04,0.25241547510854623
E05000240,2013-04,0.3074069759247094
E05000241,2013-04,0.5166365520648828
E05000242,2013-04,0.3443897525832643
E05000243,2013-04,0.4276808557236393
E05000244,2013-04,0.3164025869043786
E05000245,2013-04,0.33721721634800855
E05000246,2013-04,0.3792409708449569
E05000247,2013-04,0.2886556555433367
E05000248,2013-04,0.33574339657425056
E05000249,2013-04,0.3227015871729097
E05000250,2013-04,0.2311452255421147
E05000251,2013-04,0.2893803638548032
E05000252,2013-04,0.24388656213641655
E05000253,2013-04,0.38910129835606805
E05000254,2013-04,0.21532354184859728
E05000255,2013-04,0.3003665966674973
E05000256,2013-04,0.20926516792893526
E05000257,2013-04,0.2523540079941765
E05000258,2013-04,0.22122951600919846
E05000259,2013-04,0.3468184225478178
E05000260,2013-04,0.2713366869077278
E05000261,2013-04,0.305382736406394
E05000262,2013-04,0.1891533679408725
E05000263,2013-04,0.22518193219373042
E05000264,2013-04,0.21390596182140784
E05000265,2013-04,0.3767229272151699
E05000266,2013-04,0.5093343049580974
E05000267,2013-04,0.3628862105393371
E05000268,2013-04,0.2866684271447285
E05000269,2013-04,0.4400338546049448
E05000270,2013-04,0.4527369169298569
E05000271,2013-04,0.40618826921578377
E05000272,2013-04,0.49046211670769024
E05000273,2013-04,0.31959863992725546
E05000274,2013-04,0.4428228339749605
E05000275,2013-04,0.2529532948489679
E05000276,2013-04,0.3267373794374783
E05000277,2013-04,0.3496785951350533
E05000278,2013-04,0.3113144487750215
E05000279,2013-04,0.3759615761005987
E05000280,2013-04,0.2829525839965819
E05000281,2013-04,0.34418044530014585
E05000282,2013-04,0.4362260539302503
E05000283,2013-04,0.4205708787139592
E05000284,2013-04,0.38210701999707763
E05000285,2013-04,0.4592425961843146
E05000286,2013-04,0.5173502237949302
E05000287,2013-04,0.4041165837133007
E05000288,2013-04,0.3365840734763945
E05000289,2013-04,0.5510067639249812
E05000290,2013-04,0.5829696452671124
E05000291,2013-04,0.5468525504435033
E05000292,2013-04,0.566041672778565
E05000293,2013-04,0.42902096997297273
E05000294,2013-04,0.41410495893111676
E05000295,2013-04,0.4473286143272765
E05000296,2013-04,0.3524545242249272
E05000297,2013-04,0.534671636465672
E05000298,2013-04,0.5106991822425905
E05000299,2013-04,0.4155574019076275
E05000300,2013-04,0.42232429182582376
E05000301,2013-04,0.4212143473844722
E05000302,2013-04,0.444165795020401
E05000303,2013-04,0.5440970822463522
E05000304,2013-04,0.3558165733768696
E05000305,2013-04,0.42536910723670346
E05000306,2013-04,0.4385805581142103
E05000307,2013-04,0.5171378912174771
E05000308,2013-04,0.5501696827786479
E05000309,2013-04,0.5304441008083548
E05000310,2013-04,0.5285821153683423
E05000311,2013-04,0.4724809451137924
E05000312,2013-04,0.5106591691267798
E05000313,2013-04,0.5566573108557573
E05000314,2013-04,0.46956547802964016
E05000315,2013-04,0.4944701761359274
E05000316,2013-04,0.45007071620831424
E05000317,2013-04,0.5307751510321786
E05000318,2013-04,0.382783750101631
E05000319,2013-04,0.35022874529024406
E05000320,2013-04,0.44657823456392226
E05000321,2013-04,0.3113760311856191
E05000322,2013-04,0.4633302723984679
E05000323,2013-04,0.4543744231368838
E05000324,2013-04,0.46923414229800325
E05000325,2013-04,0.4324492525032309
E05000326,2013-04,0.4868762099816612
E05000327,2013-04,0.4762480187908332
E05000328,2013-04,0.5031969680961731
E05000329,2013-04,0.5210684658567317
E05000330,2013-04,0.5795130279510508
E05000331,2013-04,0.34599919835243637
E05000332,2013-04,0.5314441224993184
E05000333,2013-04,0.57127391026782
E05000334,2013-04,0.4529914758647619
E05000335,2013-04,0.5863030330056525
E05000336,2013-04,0.5189023184155418
E05000337,2013-04,0.43467432883518925
E05000338,2013-04,0.4699048576733933
E05000339,2013-04,0.42253908316601885
E05000340,2013-04,0.5176252136040772
E05000341,2013-04,0.4012029110407988
E05000342,2013-04,0.4831648830893957
E05000343,2013-04,0.5101844312332255
E05000344,2013-04,0.46479931045666995
E05000345,2013-04,0.4891349985688724
E05000346,2013-04,0.44333766263449564
E05000347,2013-04,0.454082640236691
E05000348,2013-04,0.41044014511739807
E05000349,2013-04,0.45490205652495486
E05000350,2013-04,0.4281464652031807
E05000351,2013-04,0.43294034013282584
E05000352,2013-04,0.4991704125385446
E05000353,2013-04,0.478857806612861
E05000354,2013-04,0.4894455155319999
E05000355,2013-04,0.4312868541263028
E05000356,2013-04,0.47164004536056464
E05000357,2013-04,0.43818707442945404
E05000358,2013-04,0.36800619557714737
E05000359,2013-04,0.47183982899523
E05000360,2013-04,0.3771610838397576
E05000361,2013-04,0.3372296328802383
E05000362,2013-04,0.3969455995396593
E05000363,2013-04,0.4994125784743727
E05000364,2013-04,0.4607115749732107
E05000365,2013-04,0.3310531822032382
E05000366,2013-04,0.2984154633831581
E05000367,2013-04,0.19649899482663286
E05000368,2013-04,0.2503832099539092
E05000369,2013-04,0.35880954312007146
E05000370,2013-04,0.21602357131753824
E05000371,2013-04,0.24702982617748412
E05000372,2013-04,0.37771707239999713
E05000373,2013-04,0.27894060976767887
E05000374,2013-04,0.3503105888881971
E05000375,2013-04,0.30558783644048815
E05000376,2013-04,0.30733516818422735
E05000377,2013-04,0.3495156956275202
E05000378,2013-04,0.3513736706393713
E05000379,2013-04,0.26305782957504786
E05000380,2013-04,0.2417969160483992
E05000381,2013-04,0.3125640811224154
E05000382,2013-04,0.2257626479188792
E05000383,2013-04,0.20827357791296125
E05000384,2013-04,0.3210634196361632
E05000385,2013-04,0.22149378077744525
E05000386,2013-04,0.21703472887057254
E05000387,2013-04,0.16181402128965766
E05000388,2013-04,0.19173139362590083
E05000389,2013-04,0.323299129764095
E05000390,2013-04,0.1741215622053581
E05000391,2013-04,0.3288409354051446
E05000392,2013-04,0.2965923723976658
E05000393,2013-04,0.2604691229654121
E05000394,2013-04,0.25479051882031
E05000395,2013-04,0.18972488417829642
E05000396,2013-04,0.3442246035234083
E05000397,2013-04,0.2482301964636948
E05000398,2013-04,0.3040560361340872
E05000399,2013-04,0.21041569137604263
E05000400,2013-04,0.5320583199386308
E05000401,2013-04,0.4808676366936211
E05000402,2013-04,0.4666264083919939
E05000403,2013-04,0.32393571655390624
E05000404,2013-04,0.45905869717296505
E05000405,2013-04,0.4891612224719135
E05000406,2013-04,0.5657342136437359
E05000407,2013-04,0.4739238705727755
E05000408,2013-04,0.33343962442916014
E05000409,2013-04,0.3977169478769361
E05000410,2013-04,0.48454148073809994
E05000411,2013-04,0.494058373383085
E05000412,2013-04,0.42771389789118414
E05000413,2013-04,0.4743499007845074
E05000414,2013-04,0.47828782731249936
E05000415,2013-04,0.428667329694563
E05000416,2013-04,0.1674166758039623
E05000417,2013-04,0.3124074606197051
E05000418,2013-04,0.4135984390397925
E05000419,2013-04,0.3264990588337237
E05000420,2013-04,0.3224029308163712
E05000421,2013-04,0.252020301043729
E05000422,2013-04,0.423181364336986
E05000423,2013-04,0.44239887939526357
E05000424,2013-04,0.36697244561129355
E05000425,2013-04,0.2961337289770228
E05000426,2013-04,0.29362973306354484
E05000427,2013-04,0.26723433275332437
E05000428,2013-04,0.35787332966445246
E05000429,2013-04,0.33121579181105537
E05000430,2013-04,0.3808186709604266
E05000431,2013-04,0.4245303332634349
E05000432,2013-04,0.417022157060692
E05000433,2013-04,0.38679093399092707
E05000434,2013-04,0.4066851423627053
E05000435,2013-04,0.37274043908808296
E05000436,2013-04,0.3228913040101815
E05000437,2013-04,0.5095390659899999
E05000438,2013-04,0.5162682637133146
E05000439,2013-04,0.38209906408661387
E05000440,2013-04,0.40432269701315615
E05000441,2013-04,0.41463253943252804
E05000442,2013-04,0.49247862949047233
E05000443,2013-04,0.24401964342073917
E05000444,2013-04,0.45941931941826486
E05000445,2013-04,0.4736597793842958
E05000446,2013-04,0.47830518275953465
E05000447,2013-04,0.39550359488034975
E05000448,2013-04,0.344927727197765
E05000449,2013-04,0.27775721874957826
E05000450,2013-04,0.412164252945102
E05000451,2013-04,0.40314049566904386
E05000452,2013-04,0.4440389929397122
E05000453,2013-04,0.3871534849872939
E05000454,2013-04,0.463397990146375
E05000455,2013-04,0.3084152427897084
E05000456,2013-04,0.5426824239706322
E05000457,2013-04,0.33985771311470375
E05000458,2013-04,0.4687706283685175
E05000459,2013-04,0.36659860589097
E05000460,2013-04,0.4070149934483864
E05000461,2013-04,0.359605127220396
E05000462,2013-04,0.3866763388444155
E05000463,2013-04,0.3816664582069153
E05000464,2013-04,0.4392362452119938
E05000465,2013-04,0.46691965318299083
E05000466,2013-04,0.45632972194890614
E05000467,2013-04,0.5234488817911241
E05000468,2013-04,0.5113360025139192
E05000469,2013-04,0.4247118800168268
E05000470,2013-04,0.5230238074264494
E05000471,2013-04,0.403542287576519
E05000472,2013-04,0.5468129690373347
E05000473,2013-04,0.46313513151988117
E05000474,2013-04,0.37055093455580407
E05000475,2013-04,0.25827866449966347
E05000476,2013-04,0.2838880783948937
E05000477,2013-04,0.29728537699337204
E05000478,2013-04,0.21165509500506613
E05000479,2013-04,0.3327107083335707
E05000480,2013-04,0.27355436243569764
E05000481,2013-04,0.31296223409707286
E05000482,2013-04,0.3854347702630477
E05000483,2013-04,0.35899662242398944
E05000484,2013-04,0.28805934590674165
E05000485,2013-04,0.24268365440661205
E05000486,2013-04,0.23356401681284006
E05000487,2013-04,0.4641886782750841
E05000488,2013-04,0.37674463831642707
E05000489,2013-04,0.30193511493408043
E05000490,2013-04,0.3287958542433372
E05000491,2013-04,0.058064935676814644
E05000492,2013-04,0.2044918758371568
E05000493,2013-04,0.3863356422906165
E05000494,2013-04,0.38258732311978105
E05000495,2013-04,0.4986507225736123
E05000496,2013-04,0.37452780091585186
E05000497,2013-04,0.5035391690082981
E05000498,2013-04,0.38868447909669307
E05000499,2013-04,0.39543686250503635
E05000500,2013-04,0.4585849285878158
E05000501,2013-04,0.28255030634352457
E05000502,2013-04,0.48123649722803413
E05000503,2013-04,0.5079530259230072
E05000504,2013-04,0.4364493168658784
E05000505,2013-04,0.44103805952689135
E05000506,2013-04,0.5349072412715351
E05000507,2013-04,0.3487940732447216
E05000508,2013-04,0.4250935969414325
E05000509,2013-04,0.5138090913308754
E05000510,2013-04,0.41270078723999837
E05000511,2013-04,0.4887679830362574
E05000512,2013-04,0.39292133092560244
E05000513,2013-04,0.4513448813570942
E05000514,2013-04,0.3733433655541969
E05000515,2013-04,0.5751309064567964
E05000516,2013-04,0.443823135832161
E05000517,2013-04,0.5555915375563151
E05000518,2013-04,0.46427957630733696
E05000519,2013-04,0.5470355484506193
E05000520,2013-04,0.5669519230165535
E05000521,2013-04,0.5024089047381766
E05000522,2013-04,0.49760931347781967
E05000523,2013-04,0.473266872902252
E05000524,2013-04,0.5341877184826761
E05000525,2013-04,0.4215120495289274
E05000526,2013-04,0.5214673418090386
E05000527,2013-04,0.4029082563403379
E05000528,2013-04,0.4663390382097711
E05000529,2013-04,0.4430140604892084
E05000530,2013-04,0.5117619689594396
E05000531,2013-04,0.47110119637991804
E05000532,2013-04,0.5348089961291009
E05000533,2013-04,0.45859117954925116
E05000534,2013-04,0.31686571531625785
E05000535,2013-04,0.2740496089053203
E05000536,2013-04,0.146055620162554
E05000537,2013-04,0.2788413702315024
E05000538,2013-04,0.5583325961203733
E05000539,2013-04,0.32924610780083813
E05000540,2013-04,0.3337040229146735
E05000541,2013-04,0.3911571768846165
E05000542,2013-04,0.2298537842731373
E05000543,2013-04,0.2437555576676586
E05000544,2013-04,0.32538634027449953
E05000545,2013-04,0.3919973926457596
E05000546,2013-04,0.3190990293963251
E05000547,2013-04,0.5384610046568885
E05000548,2013-04,0.1278409764047017
E05000549,2013-04,0.31877642586622457
E05000550,2013-04,0.28004207593980185
E05000551,2013-04,0.4481587315358947
E05000552,2013-04,0.18254787225436728
E05000553,2013-04,0.3097498650238303
E05000554,2013-04,0.5296754561508897
E05000555,2013-04,0.4413408443173959
E05000556,2013-04,0.533607858208215
E05000557,2013-04,0.5055545808000624
E05000558,2013-04,0.4908974768255171
E05000559,2013-04,0.6186617504964663
E05000560,2013-04,0.5516707788222903
E05000561,2013-04,0.46905157964465644
E05000562,2013-04,0.4684798627169246
E05000563,2013-04,0.4378016132790038
E05000564,2013-04,0.3309458383253151
E05000565,2013-04,0.49216661594156025
E05000566,2013-04,0.45950828056434256
E05000567,2013-04,0.4835984620677963
E05000568,2013-04,0.45191851613845985
E05000569,2013-04,0.46907485208035216
E05000570,2013-04,0.46087597707463895
E05000571,2013-04,0.4880598588043647
E05000572,2013-04,0.4597169116638273
E05000573,2013-04,0.25175765562622654
E05000574,2013-04,0.2607788563598923
E05000575,2013-04,0.12552221204868114
E05000576,2013-04,0.30437109335248785
E05000577,2013-04,0.4123315505977621
E05000578,2013-04,0.22066899799453363
E05000579,2013-04,0.22658311399764258
E05000580,2013-04,0.24927398012769406
E05000581,2013-04,0.3003635803817813
E05000582,2013-04,0.3215459067272364
E05000583,2013-04,0.11359199438473971
E05000584,2013-04,0.28993830026606593
E05000585,2013-04,0.11750975212119123
E05000586,2013-04,0.17276339524668313
E05000587,2013-04,0.17838389886532227
E05000588,2013-04,0.2840201518661298
E05000589,2013-04,0.19288239691416578
E05000590,2013-04,0.2967853892164685
E05000591,2013-04,0.3132996848533851
E05000592,2013-04,0.4480075274564991
E05000593,2013-04,0.5310213285825289
E05000594,2013-04,0.4628247892422465
E05000595,2013-04,0.40082420603342206
E05000596,2013-04,0.2851931394376583
E05000597,2013-04,0.48570248806232547
E05000598,2013-04,0.5025847328160254
E05000599,2013-04,0.3883726123444262
E05000600,2013-04,0.39309043895890444
E05000601,2013-04,0.3539109946905865
E05000602,2013-04,0.46422985617670454
E05000603,2013-04,0.3846144738955327
E05000604,2013-04,0.3122075258895739
E05000605,2013-04,0.34311977248720776
E05000606,2013-04,0.38492336428887
E05000607,2013-04,0.3906029989882126
E05000608,2013-04,0.307294789719057
E05000609,2013-04,0.44406580076223884
E05000610,2013-04,0.3278713757671903
E05000611,2013-04,0.480641425853662
E05000612,2013-04,0.31180361702647685
E05000613,2013-04,0.4098484081534797
E05000614,2013-04,0.24789578752184466
E05000615,2013-04,0.3958763259757731
E05000616,2013-04,0.2939913021798118
E05000617,2013-04,0.3139501140349664
E05000618,2013-04,0.317242018819241
E05000619,2013-04,0.3795473990276438
E05000620,2013-04,0.26173754531342025
E05000621,2013-04,0.5468458754687053
E05000622,2013-04,0.19326147930483792
E05000623,2013-04,0.24453905253392347
E05000624,2013-04,0.34976917552466646
E05000625,2013-04,0.32792023514784785
E05000626,2013-04,0.37459415507964017
E05000627,2013-04,0.4850076315108306
E05000628,2013-04,0.46846143648022653
E05000629,2013-04,0.453059389438637
E05000630,2013-04,0.3144843233501037
E05000631,2013-04,0.20113729432451674
E05000632,2013-04,0.12667802155309846
E05000633,2013-04,0.21026650303109692
E05000634,2013-04,0.20601029223299006
E05000635,2013-04,0.22495404303459451
E05000636,2013-04,0.161864120950644
E05000637,2013-04,0.46598939174122267
E05000638,2013-04,0.2082576202906038
E05000639,2013-04,0.2920218908449291
E05000640,2013-04,0.3860194086949522
E05000641,2013-04,0.1391712375360387
E05000642,2013-04,0.21669422124418813
E05000643,2013-04,0.4301922668408213
E05000644,2013-04,0.20695196454580433
E05000645,2013-04,0.14014473960558232
E05000646,2013-04,0.14117490657061388
E05000647,2013-04,0.14387504910176038
E05000648,2013-04,0.2502604312307084
E05000649,2013-04,0.11005790629074799
E09000001,2013-04,0.08659969135577746
E05000026,2013-05,
E05000027,2013-05,
E05000028,2013-05,
E05000029,2013-05,
E05000030,2013-05,
E05000031,2013-05,
E05000032,2013-05,
E05000033,2013-05,
E05000034,2013-05,
E05000035,2013-05,
E05000036,2013-05,
E05000037,2013-05,
E05000038,2013-05,
E05000039,2013-05,
E05000040,2013-05,
E05000041,2013-05,
E05000042,2013-05,
E05000043,2013-05,
E05000044,2013-05,
E05000045,2013-05,
E05000046,2013-05,
E05000047,2013-05,
E05000048,2013-05,
E05000049,2013-05,
E05000050,2013-05,
E05000051,2013-05,
E05000052,2013-05,
E05000053,2013-05,
E05000054,2013-05,
E05000055,2013-05,
E05000056,2013-05,
E05000057,2013-05,
E05000058,2013-05,
E05000059,2013-05,
E05000060,2013-05,
E05000061,2013-05,
E05000062,2013-05,
E05000063,2013-05,
E05000064,2013-05,
E05000065,2013-05,
E05000066,2013-05,
E05000067,2013-05,
E05000068,2013-05,
E05000069,2013-05,
E05000070,2013-05,
E05000071,2013-05,
E05000072,2013-05,
E05000073,2013-05,
E05000074,2013-05,
E05000075,2013-05,
E05000076,2013-05,
E05000077,2013-05,
E05000078,2013-05,
E05000079,2013-05,
E05000080,2013-05,
E05000081,2013-05,
E05000082,2013-05,
E05000083,2013-05,
E05000084,2013-05,
E05000085,2013-05,
E05000086,2013-05,
E05000087,2013-05,
E05000088,2013-05,
E05000089,2013-05,
E05000090,2013-05,
E05000091,2013-05,
E05000092,2013-05,
E05000093,2013-05,
E05000094,2013-05,
E05000095,2013-05,
E05000096,2013-05,
E05000097,2013-05,
E05000098,2013-05,
E05000099,2013-05,
E05000100,2013-05,
E05000101,2013-05,
E05000102,2013-05,
E05000103,2013-05,
E05000104,2013-05,
E05000105,2013-05,
E05000106,2013-05,
E05000107,2013-05,
E05000108,2013-05,
E05000109,2013-05,
E05000110,2013-05,
E05000111,2013-05,
E05000112,2013-05,
E05000113,2013-05,
E05000114,2013-05,
E05000115,2013-05,
E05000116,2013-05,
E05000117,2013-05,
E05000118,2013-05,
E05000119,2013-05,
E05000120,2013-05,
E05000121,2013-05,
E05000122,2013-05,
E05000123,2013-05,
E05000124,2013-05,
E05000125,2013-05,
E05000126,2013-05,
E05000127,2013-05,
E05000128,2013-05,
E05000129,2013-05,
E05000130,2013-05,
E05000131,2013-05,
E05000132,2013-05,
E05000133,2013-05,
E05000134,2013-05,
E05000135,2013-05,
E05000136,2013-05,
E05000137,2013-05,
E05000138,2013-05,
E05000139,2013-05,
E05000140,2013-05,
E05000141,2013-05,
E05000142,2013-05,
E05000143,2013-05,
E05000144,2013-05,
E05000145,2013-05,
E05000146,2013-05,
E05000147,2013-05,
E05000148,2013-05,
E05000149,2013-05,
E05000150,2013-05,
E05000151,2013-05,
E05000152,2013-05,
E05000153,2013-05,
E05000154,2013-05,
E05000155,2013-05,
E05000156,2013-05,
E05000157,2013-05,
E05000158,2013-05,
E05000159,2013-05,
E05000160,2013-05,
E05000161,2013-05,
E05000162,2013-05,
E05000163,2013-05,
E05000164,2013-05,
E05000165,2013-05,
E05000166,2013-05,
E05000167,2013-05,
E05000168,2013-05,
E05000169,2013-05,
E05000170,2013-05,
E05000171,2013-05,
E05000172,2013-05,
E05000173,2013-05,
E05000174,2013-05,
E05000175,2013-05,
E05000176,2013-05,
E05000177,2013-05,
E05000178,2013-05,
E05000179,2013-05,
E05000180,2013-05,
E05000181,2013-05,
E05000182,2013-05,
E05000183,2013-05,
E05000184,2013-05,
E05000185,2013-05,
E05000186,2013-05,
E05000187,2013-05,
E05000188,2013-05,
E05000189,2013-05,
E05000190,2013-05,
E05000191,2013-05,
E05000192,2013-05,
E05000193,2013-05,
E05000194,2013-05,
E05000195,2013-05,
E05000196,2013-05,
E05000197,2013-05,
E05000198,2013-05,
E05000199,2013-05,
E05000200,2013-05,
E05000201,2013-05,
E05000202,2013-05,
E05000203,2013-05,
E05000204,2013-05,
E05000205,2013-05,
E05000206,2013-05,
E05000207,2013-05,
E05000208,2013-05,
E05000209,2013-05,
E05000210,2013-05,
E05000211,2013-05,
E05000212,2013-05,
E05000213,2013-05,
E05000214,2013-05,
E05000215,2013-05,
E05000216,2013-05,
E05000217,2013-05,
E05000218,2013-05,
E05000219,2013-05,
E05000220,2013-05,
E05000221,2013-05,
E05000222,2013-05,
E05000223,2013-05,
E05000224,2013-05,
E05000225,2013-05,
E05000226,2013-05,
E05000227,2013-05,
E05000228,2013-05,
E05000229,2013-05,
E05000230,2013-05,
E05000231,2013-05,
E05000232,2013-05,
E05000233,2013-05,
E05000234,2013-05,
E05000235,2013-05,
E05000236,2013-05,
E05000237,2013-05,
E05000238,2013-05,
E05000239,2013-05,
E05000240,2013-05,
E05000241,2013-05,
E05000242,2013-05,
E05000243,2013-05,
E05000244,2013-05,
E05000245,2013-05,
E05000246,2013-05,
E05000247,2013-05,
E05000248,2013-05,
E05000249,2013-05,
E05000250,2013-05,
E05000251,2013-05,
E05000252,2013-05,
E05000253,2013-05,
E05000254,2013-05,
E05000255,2013-05,
E05000256,2013-05,
E05000257,2013-05,
E05000258,2013-05,
E05000259,2013-05,
E05000260,2013-05,
E05000261,2013-05,
E05000262,2013-05,
E05000263,2013-05,
E05000264,2013-05,
E05000265,2013-05,
E05000266,2013-05,
E05000267,2013-05,
E05000268,2013-05,
E05000269,2013-05,
E05000270,2013-05,
E05000271,2013-05,
E05000272,2013-05,
E05000273,2013-05,
E05000274,2013-05,
E05000275,2013-05,
E05000276,2013-05,
E05000277,2013-05,
E05000278,2013-05,
E05000279,2013-05,
E05000280,2013-05,
E05000281,2013-05,
E05000282,2013-05,
E05000283,2013-05,
E05000284,2013-05,
E05000285,2013-05,
E05000286,2013-05,
E05000287,2013-05,
E05000288,2013-05,
E05000289,2013-05,
E05000290,2013-05,
E05000291,2013-05,
E05000292,2013-05,
E05000293,2013-05,
E05000294,2013-05,
E05000295,2013-05,
E05000296,2013-05,
E05000297,2013-05,
E05000298,2013-05,
E05000299,2013-05,
E05000300,2013-05,
E05000301,2013-05,
E05000302,2013-05,
E05000303,2013-05,
E05000304,2013-05,
E05000305,2013-05,
E05000306,2013-05,
E05000307,2013-05,
E05000308,2013-05,
E05000309,2013-05,
E05000310,2013-05,
E05000311,2013-05,
E05000312,2013-05,
E05000313,2013-05,
E05000314,2013-05,
E05000315,2013-05,
E05000316,2013-05,
E05000317,2013-05,
E05000318,2013-05,
E05000319,2013-05,
E05000320,2013-05,
E05000321,2013-05,
E05000322,2013-05,
E05000323,2013-05,
E05000324,2013-05,
E05000325,2013-05,
E05000326,2013-05,
E05000327,2013-05,
E05000328,2013-05,
E05000329,2013-05,
E05000330,2013-05,
E05000331,2013-05,
E05000332,2013-05,
E05000333,2013-05,
E05000334,2013-05,
E05000335,2013-05,
E05000336,2013-05,
E05000337,2013-05,
E05000338,2013-05,
E05000339,2013-05,
E05000340,2013-05,
E05000341,2013-05,
E05000342,2013-05,
E05000343,2013-05,
E05000344,2013-05,
E05000345,2013-05,
E05000346,2013-05,
E05000347,2013-05,
E05000348,2013-05,
E05000349,2013-05,
E05000350,2013-05,
E05000351,2013-05,
E05000352,2013-05,
E05000353,2013-05,
E05000354,2013-05,
E05000355,2013-05,
E05000356,2013-05,
E05000357,2013-05,
E05000358,2013-05,
E05000359,2013-05,
E05000360,2013-05,
E05000361,2013-05,
E05000362,2013-05,
E05000363,2013-05,
E05000364,2013-05,
E05000365,2013-05,
E05000366,2013-05,
E05000367,2013-05,
E05000368,2013-05,
E05000369,2013-05,
E05000370,2013-05,
E05000371,2013-05,
E05000372,2013-05,
E05000373,2013-05,
E05000374,2013-05,
E05000375,2013-05,
E05000376,2013-05,
E05000377,2013-05,
E05000378,2013-05,
E05000379,2013-05,
E05000380,2013-05,
E05000381,2013-05,
E05000382,2013-05,
E05000383,2013-05,
E05000384,2013-05,
E05000385,2013-05,
E05000386,2013-05,
E05000387,2013-05,
E05000388,2013-05,
E05000389,2013-05,
E05000390,2013-05,
E05000391,2013-05,
E05000392,2013-05,
E05000393,2013-05,
E05000394,2013-05,
E05000395,2013-05,
E05000396,2013-05,
E05000397,2013-05,
E05000398,2013-05,
E05000399,2013-05,
E05000400,2013-05,
E05000401,2013-05,
E05000402,2013-05,
E05000403,2013-05,
E05000404,2013-05,
E05000405,2013-05,
E05000406,2013-05,
E05000407,2013-05,
E05000408,2013-05,
E05000409,2013-05,
E05000410,2013-05,
E05000411,2013-05,
E05000412,2013-05,
E05000413,2013-05,
E05000414,2013-05,
E05000415,2013-05,
E05000416,2013-05,
E05000417,2013-05,
E05000418,2013-05,
E05000419,2013-05,
E05000420,2013-05,
E05000421,2013-05,
E05000422,2013-05,
E05000423,2013-05,
E05000424,2013-05,
E05000425,2013-05,
E05000426,2013-05,
E05000427,2013-05,
E05000428,2013-05,
E05000429,2013-05,
E05000430,2013-05,
E05000431,2013-05,
E05000432,2013-05,
E05000433,2013-05,
E05000434,2013-05,
E05000435,2013-05,
E05000436,2013-05,
E05000437,2013-05,
E05000438,2013-05,
E05000439,2013-05,
E05000440,2013-05,
E05000441,2013-05,
E05000442,2013-05,
E05000443,2013-05,
E05000444,2013-05,
E05000445,2013-05,
E05000446,2013-05,
E05000447,2013-05,
E05000448,2013-05,
E05000449,2013-05,
E05000450,2013-05,
E05000451,2013-05,
E05000452,2013-05,
E05000453,2013-05,
E05000454,2013-05,
E05000455,2013-05,
E05000456,2013-05,
E05000457,2013-05,
E05000458,2013-05,
E05000459,2013-05,
E05000460,2013-05,
E05000461,2013-05,
E05000462,2013-05,
E05000463,2013-05,
E05000464,2013-05,
E05000465,2013-05,
E05000466,2013-05,
E05000467,2013-05,
E05000468,2013-05,
E05000469,2013-05,
E05000470,2013-05,
E05000471,2013-05,
E05000472,2013-05,
E05000473,2013-05,
E05000474,2013-05,
E05000475,2013-05,
E05000476,2013-05,
E05000477,2013-05,
E05000478,2013-05,
E05000479,2013-05,
E05000480,2013-05,
E05000481,2013-05,
E05000482,2013-05,
E05000483,2013-05,
E05000484,2013-05,
E05000485,2013-05,
E05000486,2013-05,
E05000487,2013-05,
E05000488,2013-05,
E05000489,2013-05,
E05000490,2013-05,
E05000491,2013-05,
E05000492,2013-05,
E05000493,2013-05,
E05000494,2013-05,
E05000495,2013-05,
E05000496,2013-05,
E05000497,2013-05,
E05000498,2013-05,
E05000499,2013-05,
E05000500,2013-05,
E05000501,2013-05,
E05000502,2013-05,
E05000503,2013-05,
E05000504,2013-05,
E05000505,2013-05,
E05000506,2013-05,
E05000507,2013-05,
E05000508,2013-05,
E05000509,2013-05,
E05000510,2013-05,
E05000511,2013-05,
E05000512,2013-05,
E05000513,2013-05,
E05000514,2013-05,
E05000515,2013-05,
E05000516,2013-05,
E05000517,2013-05,
E05000518,2013-05,
E05000519,2013-05,
E05000520,2013-05,
E05000521,2013-05,
E05000522,2013-05,
E05000523,2013-05,
E05000524,2013-05,
E05000525,2013-05,
E05000526,2013-05,
E05000527,2013-05,
E05000528,2013-05,
E05000529,2013-05,
E05000530,2013-05,
E05000531,2013-05,
E05000532,2013-05,
E05000533,2013-05,
E05000534,2013-05,
E05000535,2013-05,
E05000536,2013-05,
E05000537,2013-05,
E05000538,2013-05,
E05000539,2013-05,
E05000540,2013-05,
E05000541,2013-05,
E05000542,2013-05,
E05000543,2013-05,
E05000544,2013-05,
E05000545,2013-05,
E05000546,2013-05,
E05000547,2013-05,
E05000548,2013-05,
E05000549,2013-05,
E05000550,2013-05,
E05000551,2013-05,
E05000552,2013-05,
E05000553,2013-05,
E05000554,2013-05,
E05000555,2013-05,
E05000556,2013-05,
E05000557,2013-05,
E05000558,2013-05,
E05000559,2013-05,
E05000560,2013-05,
E05000561,2013-05,
E05000562,2013-05,
E05000563,2013-05,
E05000564,2013-05,
E05000565,2013-05,
E05000566,2013-05,
E05000567,2013-05,
E05000568,2013-05,
E05000569,2013-05,
E05000570,2013-05,
E05000571,2013-05,
E05000572,2013-05,
E05000573,2013-05,
E05000574,2013-05,
E05000575,2013-05,
E05000576,2013-05,
E05000577,2013-05,
E05000578,2013-05,
E05000579,2013-05,
E05000580,2013-05,
E05000581,2013-05,
E05000582,2013-05,
E05000583,2013-05,
E05000584,2013-05,
E05000585,2013-05,
E05000586,2013-05,
E05000587,2013-05,
E05000588,2013-05,
E05000589,2013-05,
E05000590,2013-05,
E05000591,2013-05,
E05000592,2013-05,
E05000593,2013-05,
E05000594,2013-05,
E05000595,2013-05,
E05000596,2013-05,
E05000597,2013-05,
E05000598,2013-05,
E05000599,2013-05,
E05000600,2013-05,
E05000601,2013-05,
E05000602,2013-05,
E05000603,2013-05,
E05000604,2013-05,
E05000605,2013-05,
E05000606,2013-05,
E05000607,2013-05,
E05000608,2013-05,
E05000609,2013-05,
E05000610,2013-05,
E05000611,2013-05,
E05000612,2013-05,
E05000613,2013-05,
E05000614,2013-05,
E05000615,2013-05,
E05000616,2013-05,
E05000617,2013-05,
E05000618,2013-05,
E05000619,2013-05,
E05000620,2013-05,
E05000621,2013-05,
E05000622,2013-05,
E05000623,2013-05,
E05000624,2013-05,
E05000625,2013-05,
E05000626,2013-05,
E05000627,2013-05,
E05000628,2013-05,
E05000629,2013-05,
E05000630,2013-05,
E05000631,2013-05,
E05000632,2013-05,
E05000633,2013-05,
E05000634,2013-05,
E05000635,2013-05,
E05000636,2013-05,
E05000637,2013-05,
E05000638,2013-05,
E05000639,2013-05,
E05000640,2013-05,
E05000641,2013-05,
E05000642,2013-05,
E05000643,2013-05,
E05000644,2013-05,
E05000645,2013-05,
E05000646,2013-05,
E05000647,2013-05,
E05000648,2013-05,
E05000649,2013-05,
E09000001,2013-05,
E05000026,2013-06,0.35601697577006547
E05000027,2013-06,0.47132764029701757
E05000028,2013-06,0.42497842125626384
E05000029,2013-06,0.567731534202729
E05000030,2013-06,0.5573036134517414
E05000031,2013-06,0.4315270674516962
E05000032,2013-06,0.3457831916652296
E05000033,2013-06,0.4571135442232353
E05000034,2013-06,0.5245158331417239
E05000035,2013-06,0.4737525815867681
E05000036,2013-06,0.5159704908736521
E05000037,2013-06,0.4777125650626931
E05000038,2013-06,0.2269011056079718
E05000039,2013-06,0.2723469843807182
E05000040,2013-06,0.4359368018175969
E05000041,2013-06,0.5704668534301552
E05000042,2013-06,0.40869937930340433
E05000043,2013-06,0.5402529196515273
E05000044,2013-06,0.5137884465155437
E05000045,2013-06,0.4923521834420731
E05000046,2013-06,0.4415507379920056
E05000047,2013-06,0.5456072140304143
E05000048,2013-06,0.5976200136714046
E05000049,2013-06,0.5811990566495466
E05000050,2013-06,0.5947945498458961
E05000051,2013-06,0.5401828514845759
E05000052,2013-06,0.6396886152628208
E05000053,2013-06,0.44656252605000224
E05000054,2013-06,0.6509519790276908
E05000055,2013-06,0.5078961087672987
E05000056,2013-06,0.7081780789578324
E05000057,2013-06,0.6554059285503786
E05000058,2013-06,0.5697061136739452
E05000059,2013-06,0.7216351902918743
E05000060,2013-06,0.6515827121403224
E05000061,2013-06,0.49983456864344405
E05000062,2013-06,0.4770061457110817
E05000063,2013-06,0.5072828592723893
E05000064,2013-06,0.5772796760730409
E05000065,2013-06,0.39317926877326226
E05000066,2013-06,0.4952173239561024
E05000067,2013-06,0.5279126611280452
E05000068,2013-06,0.48041099517468666
E05000069,2013-06,0.48821881042355225
E05000070,2013-06,0.48493465710190636
E05000071,2013-06,0.7216965549953429
E05000072,2013-06,0.6745986132677462
E05000073,2013-06,0.537279182435821
E05000074,2013-06,0.5427482851763098
E05000075,2013-06,0.24968030411755776
E05000076,2013-06,0.4303961941640012
E05000077,2013-06,0.5903783516036708
E05000078,2013-06,0.5836643257515371
E05000079,2013-06,0.43065536122947357
E05000080,2013-06,0.4641201221829243
E05000081,2013-06,0.6405520196070044
E05000082,2013-06,0.456289204310664
E05000083,2013-06,0.5695644012837212
E05000084,2013-06,0.4152182888240119
E05000085,2013-06,0.3753361912543738
E05000086,2013-06,0.5648419317566816
E05000087,2013-06,0.5070152023700079
E05000088,2013-06,0.42839546219402364
E05000089,2013-06,0.3998261610892173
E05000090,2013-06,0.5701414426919572
E05000091,2013-06,0.38559266454483354
E05000092,2013-06,0.38503329010568854
E05000093,2013-06,0.5262933277188004
E05000094,2013-06,0.3804514202465919
E05000095,2013-06,0.4624703485238868
E05000096,2013-06,0.5519270186920302
E05000097,2013-06,0.4751276385995985
E05000098,2013-06,0.43799535017582175
E05000099,2013-06,0.43329653591703804
E05000100,2013-06,0.33532519524811977
E05000101,2013-06,0.5482953781708262
E05000102,2013-06,0.3449222673838233
E05000103,2013-06,0.44212300728383075
E05000104,2013-06,0.42776693671861094
E05000105,2013-06,0.42591859300545754
E05000106,2013-06,0.623082372084352
E05000107,2013-06,0.6953352685121222
E05000108,2013-06,0.6821560429857466
E05000109,2013-06,0.5416531084241393
E05000110,2013-06,0.7354128939207547
E05000111,2013-06,0.7313473177836957
E05000112,2013-06,0.5281077272587936
E05000113,2013-06,0.6014355509847998
E05000114,2013-06,0.6584047167759546
E05000115,2013-06,0.5827969264655763
E05000116,2013-06,0.5934581044479349
E05000117,2013-06,0.7913026558147614
E05000118,2013-06,0.6823270183096205
E05000119,2013-06,0.7399734447237424
E05000120,2013-06,0.6256944483236314
E05000121,2013-06,0.6215993029005781
E05000122,2013-06,0.5943734701793992
E05000123,2013-06,0.530859639568508
E05000124,2013-06,0.6312365111345655
E05000125,2013-06,0.6370714936659913
E05000126,2013-06,0.6121060782334852
E05000127,2013-06,0.6340913262786182
E05000128,2013-06,0.4783434502004924
E05000129,2013-06,0.23778504674135623
E05000130,2013-06,0.35735502625509763
E05000131,2013-06,0.4150031614201427
E05000132,2013-06,0.47412626031023875
E05000133,2013-06,0.5333332725203507
E05000134,2013-06,0.4284443203806316
E05000135,2013-06,0.6706134590221167
E05000136,2013-06,0.42097152398016857
E05000137,2013-06,0.690131742293018
E05000138,2013-06,0.2195488007898334
E05000139,2013-06,0.3423290682650986
E05000140,2013-06,0.4068347251903411
E05000141,2013-06,0.31697950699435695
E05000142,2013-06,0.39421650838969097
E05000143,2013-06,0.25609167931802945
E05000144,2013-06,0.5045304288230441
E05000145,2013-06,0.38747948504237456
E05000146,2013-06,0.457259201978067
E05000147,2013-06,0.5591106964255563
E05000148,2013-06,0.4288493791765765
E05000149,2013-06,0.323647872624927
E05000150,2013-06,0.743437418332152
E05000151,2013-06,0.6454886084754892
E05000152,2013-06,0.6228196587556087
E05000153,2013-06,0.5496197482807802
E05000154,2013-06,0.5679109717972307
E05000155,2013-06,0.7263398625962103
E05000156,2013-06,0.7138484055785688
E05000157,2013-06,0.6156053532722742
E05000158,2013-06,0.525028628550769
E05000159,2013-06,0.6242322497604503
E05000160,2013-06,0.7151599346545139
E05000161,2013-06,0.4239470180148745
E05000162,2013-06,0.7284342226106012
E05000163,2013-06,0.5977811085522395
E05000164,2013-06,0.5678655024735373
E05000165,2013-06,0.47274681940595326
E05000166,2013-06,0.5551200085571314
E05000167,2013-06,0.5354072683850384
E05000168,2013-06,0.4296305960000818
E05000169,2013-06,0.5456732995043316
E05000170,2013-06,0.4377037840938052
E05000171,2013-06,0.5505426395024823
E05000172,2013-06,0.5556002053954066
E05000173,2013-06,0.49304705336436044
E05000174,2013-06,0.5315215731287157
E05000175,2013-06,0.3370590869138459
E05000176,2013-06,0.5077387271463818
E05000177,2013-06,0.5023395733204706
E05000178,2013-06,0.43974986475946576
E05000179,2013-06,0.525699989326361
E05000180,2013-06,0.5824900470614656
E05000181,2013-06,0.42827419284347507
E05000182,2013-06,0.47702609149552194
E05000183,2013-06,0.627902217449459
E05000184,2013-06,0.5447626907331049
E05000185,2013-06,0.6085448801337365
E05000186,2013-06,0.5495866571537653
E05000187,2013-06,0.5121164941589846
E05000188,2013-06,0.4393239397731696
E05000189,2013-06,0.32364336401148175
E05000190,2013-06,0.332983688725685
E05000191,2013-06,0.4171242746521874
E05000192,2013-06,0.49240730228190516
E05000193,2013-06,0.473140301251642
E05000194,2013-06,0.5271486761735842
E05000195,2013-06,0.6846930111806213
E05000196,2013-06,0.6738685244705878
E05000197,2013-06,0.407990881868953
E05000198,2013-06,0.38258958803219406
E05000199,2013-06,0.5444221350612352
E05000200,2013-06,0.5930265810173537
E05000201,2013-06,0.4706743886087726
E05000202,2013-06,0.6397500759340368
E05000203,2013-06,0.41636666552060175
E05000204,2013-06,0.3875091714542527
E05000205,2013-06,0.4552411114114546
E05000206,2013-06,0.3758069428738664
E05000207,2013-06,0.43322307293621665
E05000208,2013-06,0.5669285276182411
E05000209,2013-06,0.5340360656878549
E05000210,2013-06,0.49840935009851967
E05000211,2013-06,0.5141934829401075
E05000212,2013-06,0.3756440845104581
E05000213,2013-06,0.5733648777101517
E05000214,2013-06,0.5898127050688057
E05000215,2013-06,0.5750686161602753
E05000216,2013-06,0.5232151861665985
E05000217,2013-06,0.5501657843904301
E05000218,2013-06,0.5658407603221679
E05000219,2013-06,0.6460762478363073
E05000220,2013-06,0.4946494663703175
E05000221,2013-06,0.41009777371281303
E05000222,2013-06,0.46145718580090966
E05000223,2013-06,0.5439272423958237
E05000224,2013-06,0.5937668684165188
E05000225,2013-06,0.17536144141727608
E05000226,2013-06,0.519986067039145
E05000227,2013-06,0.6809593082444008
E05000228,2013-06,0.3899104961033865
E05000229,2013-06,0.531436465018688
E05000230,2013-06,0.2487045794449682
E05000231,2013-06,0.41710287323391154
E05000232,2013-06,0.387678597436132
E05000233,2013-06,0.33925311714679207
E05000234,2013-06,0.3921172533278328
E05000235,2013-06,0.34128560902265226
E05000236,2013-06,0.357715775840206
E05000237,2013-06,0.371154095247153
E05000238,2013-06,0.4720176903090892
E05000239,2013-06,0.28150703037722186
E05000240,2013-06,0.3443313052457155
E05000241,2013-06,0.5807655614999981
E05000242,2013-06,0.4545768988262579
E05000243,2013-06,0.5410516389234505
E05000244,2013-06,0.41843134461115006
E05000245,2013-06,0.39800661404489446
E05000246,2013-06,0.49279599496540977
E05000247,2013-06,0.3656197220991974
E05000248,2013-06,0.4310982389977982
E05000249,2013-06,0.44152936142504867
E05000250,2013-06,0.33246689832355264
E05000251,2013-06,0.3886329446920171
E05000252,2013-06,0.3628092657793445
E05000253,2013-06,0.4514525203421857
E05000254,2013-06,0.29983415861651
E05000255,2013-06,0.3590143637315149
E05000256,2013-06,0.2943711090867994
E05000257,2013-06,0.31943703941034046
E05000258,2013-06,0.29764557068084185
E05000259,2013-06,0.388734205390153
E05000260,2013-06,0.35008335365567483
E05000261,2013-06,0.4266217036780243
E05000262,2013-06,0.2425503213577061
E05000263,2013-06,0.3123832297712142
E05000264,2013-06,0.2842962052254793
E05000265,2013-06,0.4413663473647196
E05000266,2013-06,0.6111610634707156
E05000267,2013-06,0.46857131195043794
E05000268,2013-06,0.3805894426690608
E05000269,2013-06,0.5529089009429982
E05000270,2013-06,0.5742060860047751
E05000271,2013-06,0.4668566961896087
E05000272,2013-06,0.6382978079656597
E05000273,2013-06,0.413455786251248
E05000274,2013-06,0.592464227218367
E05000275,2013-06,0.3424541778123571
E05000276,2013-06,0.39227084755593233
E05000277,2013-06,0.4201488442663207
E05000278,2013-06,0.38759474993394594
E05000279,2013-06,0.4787097695613819
E05000280,2013-06,0.37663663089085303
E05000281,2013-06,0.4374076690764029
E05000282,2013-06,0.4917575305628658
E05000283,2013-06,0.4824078724037612
E05000284,2013-06,0.452376777470487
E05000285,2013-06,0.5305938347529723
E05000286,2013-06,0.6716263617912118
E05000287,2013-06,0.44661529082857004
E05000288,2013-06,0.4464496722641028
E05000289,2013-06,0.6543368576051273
E05000290,2013-06,0.7058912378289577
E05000291,2013-06,0.6468940642331182
E05000292,2013-06,0.6322569931449681
E05000293,2013-06,0.5133989652003921
E05000294,2013-06,0.45191153998670686
E05000295,2013-06,0.4696741258102503
E05000296,2013-06,0.4276325345648639
E05000297,2013-06,0.6429981669876997
E05000298,2013-06,0.5931260457066282
E05000299,2013-06,0.4678257919622814
E05000300,2013-06,0.49802077658798366
E05000301,2013-06,0.47676925634410927
E05000302,2013-06,0.5227741357270935
E05000303,2013-06,0.6788250281601395
E05000304,2013-06,0.442312666999231
E05000305,2013-06,0.5297988414413706
E05000306,2013-06,0.5056072238373819
E05000307,2013-06,
E05000308,2013-06,0.6205418972041343
E05000309,2013-06,0.5760419009792958
E05000310,2013-06,0.7098332148480658
E05000311,2013-06,0.5036726363014455
E05000312,2013-06,0.48651949214577295
E05000313,2013-06,0.7290240983565233
E05000314,2013-06,0.5718215047832728
E05000315,2013-06,0.5413803852130951
E05000316,2013-06,0.5483390782355524
E05000317,2013-06,0.5961413763680018
E05000318,2013-06,0.4356581426361634
E05000319,2013-06,0.42419182871509076
E05000320,2013-06,0.49723933291464634
E05000321,2013-06,0.40964609953694353
E05000322,2013-06,0.5390611860465774
E05000323,2013-06,
E05000324,2013-06,0.5349666281606232
E05000325,2013-06,0.48186507879415297
E05000326,2013-06,0.5504605195426989
E05000327,2013-06,0.5299254090188595
E05000328,2013-06,0.5989182430235739
E05000329,2013-06,0.6534194876399577
E05000330,2013-06,0.7406704575257923
E05000331,2013-06,0.4344799423479374
E05000332,2013-06,0.6304191658300481
E05000333,2013-06,0.6964050519403356
E05000334,2013-06,0.5247584693241649
E05000335,2013-06,0.7361634806443139
E05000336,2013-06,0.6405952483273619
E05000337,2013-06,0.4981751667237848
E05000338,2013-06,0.5663541870846543
E05000339,2013-06,0.4887486824833962
E05000340,2013-06,0.6145893585181875
E05000341,2013-06,0.521577772081593
E05000342,2013-06,0.557528125384452
E05000343,2013-06,0.6645873592646856
E05000344,2013-06,0.5689851190233262
E05000345,2013-06,0.5618429958971426
E05000346,2013-06,0.5559831304906376
E05000347,2013-06,0.5330166779110055
E05000348,2013-06,0.5037175271596762
E05000349,2013-06,0.5504195533989616
E05000350,2013-06,0.493431439204129
E05000351,2013-06,0.518825330596459
E05000352,2013-06,0.5871111015227182
E05000353,2013-06,0.5775834390582298
E05000354,2013-06,0.5750737310840055
E05000355,2013-06,0.48645272581854865
E05000356,2013-06,0.5357344342431555
E05000357,2013-06,0.5341561876421963
E05000358,2013-06,0.4266502063846998
E05000359,2013-06,0.5964511617051058
E05000360,2013-06,0.4581540874993347
E05000361,2013-06,0.397729917539092
E05000362,2013-06,0.4787331411230901
E05000363,2013-06,0.6277276838737711
E05000364,2013-06,0.5343946534466594
E05000365,2013-06,0.4335596603059329
E05000366,2013-06,0.3936282192608842
E05000367,2013-06,0.2567668681472711
E05000368,2013-06,0.3249613237359535
E05000369,2013-06,0.49241206458009135
E05000370,2013-06,0.29300792686994365
E05000371,2013-06,0.36486594541639833
E05000372,2013-06,0.4993544712549577
E05000373,2013-06,0.38136868575214183
E05000374,2013-06,0.5081059499439817
E05000375,2013-06,0.4116486718782247
E05000376,2013-06,0.4274615039620938
E05000377,2013-06,0.4796366873099203
E05000378,2013-06,0.46861230840451573
E05000379,2013-06,0.3810430638212878
E05000380,2013-06,0.3447920183054928
E05000381,2013-06,0.4344713734142175
E05000382,2013-06,0.32722775474735005
E05000383,2013-06,0.29187092422583444
E05000384,2013-06,0.44050043020495805
E05000385,2013-06,0.344952048059613
E05000386,2013-06,0.32411106869195694
E05000387,2013-06,0.2385132767397909
E05000388,2013-06,0.30326267647326943
E05000389,2013-06,0.40010238321484065
E05000390,2013-06,0.26846382315563155
E05000391,2013-06,0.47738901484492396
E05000392,2013-06,0.43983705855062094
E05000393,2013-06,0.37210242403019705
E05000394,2013-06,0.4024402370691295
E05000395,2013-06,0.2790097834466967
E05000396,2013-06,0.4467527024081898
E05000397,2013-06,0.328358872377946
E05000398,2013-06,0.4235460951189087
E05000399,2013-06,0.32465027002072583
E05000400,2013-06,0.6119364768218678
E05000401,2013-06,0.5617965541917106
E05000402,2013-06,0.5443443318569783
E05000403,2013-06,0.45061044219280666
E05000404,2013-06,0.5405099632874347
E05000405,2013-06,0.6606292379024992
E05000406,2013-06,0.6708725589449009
E05000407,2013-06,0.5555217313349459
E05000408,2013-06,0.45089409107770934
E05000409,2013-06,0.5163711176956298
E05000410,2013-06,0.5655217646546422
E05000411,2013-06,0.5755022140068239
E05000412,2013-06,0.5303741153599821
E05000413,2013-06,0.5708531338023162
E05000414,2013-06,0.5463608389126904
E05000415,2013-06,0.5352333723082872
E05000416,2013-06,0.23350998678132617
E05000417,2013-06,0.38793506890579416
E05000418,2013-06,0.48511890037420163
E05000419,2013-06,0.406577613074849
E05000420,2013-06,0.39570612596022714
E05000421,2013-06,0.3325162183076802
E05000422,2013-06,0.5343862624221434
E05000423,2013-06,0.5006596090765644
E05000424,2013-06,0.4708218641166762
E05000425,2013-06,0.393956479773706
E05000426,2013-06,0.3469640149404369
E05000427,2013-06,0.32376812714322406
E05000428,2013-06,0.44473349906687304
E05000429,2013-06,0.4129460525979748
E05000430,2013-06,0.4741366737611257
E05000431,2013-06,0.48771051715449604
E05000432,2013-06,0.49882126582406144
E05000433,2013-06,0.4669296152775873
E05000434,2013-06,0.5100823756063401
E05000435,2013-06,0.45893971988199855
E05000436,2013-06,0.4146859581330065
E05000437,2013-06,0.5831450682810956
E05000438,2013-06,0.5997938973987763
E05000439,2013-06,0.49261326500253483
E05000440,2013-06,0.4684095075006632
E05000441,2013-06,0.47807121346283177
E05000442,2013-06,0.5591282652299627
E05000443,2013-06,0.3139018454308278
E05000444,2013-06,0.5653601189195341
E05000445,2013-06,0.5560503298217623
E05000446,2013-06,0.542325593327269
E05000447,2013-06,0.5002248166761835
E05000448,2013-06,0.43932051501969377
E05000449,2013-06,0.353213400265689
E05000450,2013-06,0.5116350628892941
E05000451,2013-06,0.4785488834107238
E05000452,2013-06,0.5374862503487238
E05000453,2013-06,0.4943457874522063
E05000454,2013-06,0.5219403928563642
E05000455,2013-06,0.38723980673870423
E05000456,2013-06,0.6052519315866416
E05000457,2013-06,0.4214499320809538
E05000458,2013-06,0.5632026117945833
E05000459,2013-06,0.4711342694235282
E05000460,2013-06,0.44161169626628444
E05000461,2013-06,0.42546317094877256
E05000462,2013-06,0.4763174248475609
E05000463,2013-06,0.42914831507723705
E05000464,2013-06,0.4882241396781564
E05000465,2013-06,0.5344183679325786
E05000466,2013-06,0.5396797592092927
E05000467,2013-06,0.6276147873777476
E05000468,2013-06,0.5735901274041518
E05000469,2013-06,0.5381074407169791
E05000470,2013-06,0.5850032534732164
E05000471,2013-06,0.4578529230499735
E05000472,2013-06,0.7034721283573875
E05000473,2013-06,0.5409824628851698
E05000474,2013-06,0.4645756319412258
E05000475,2013-06,0.33729237325470074
E05000476,2013-06,0.3320698136999979
E05000477,2013-06,0.3306996307917097
E05000478,2013-06,0.25059789983849884
E05000479,2013-06,0.3780127884971678
E05000480,2013-06,0.34741807483085313
E05000481,2013-06,0.36108545880763343
E05000482,2013-06,0.4396391894630047
E05000483,2013-06,0.42462848651710905
E05000484,2013-06,0.3788865914355258
E05000485,2013-06,0.298855916453785
E05000486,2013-06,0.2975030773719913
E05000487,2013-06,0.5360394123525317
E05000488,2013-06,0.46478064622186027
E05000489,2013-06,0.37399755310980365
E05000490,2013-06,0.3866375763935919
E05000491,2013-06,0.11720132890080148
E05000492,2013-06,0.25328339612084316
E05000493,2013-06,0.4584363965599813
E05000494,2013-06,0.4241406967551254
E05000495,2013-06,0.6426567403751524
E05000496,2013-06,0.4320667534802372
E05000497,2013-06,0.5891072872668311
E05000498,2013-06,0.4371787145425842
E05000499,2013-06,0.49132200126219205
E05000500,2013-06,0.49370187447018304
E05000501,2013-06,0.3372562965328973
E05000502,2013-06,0.5445831002940544
E05000503,2013-06,0.5863445746494067
E05000504,2013-06,0.5113222947678665
E05000505,2013-06,0.45686932647078865
E05000506,2013-06,0.653766558576338
E05000507,2013-06,0.40238999661444047
E05000508,2013-06,0.46403973403079174
E05000509,2013-06,0.6430374793551907
E05000510,2013-06,0.4637138132063485
E05000511,2013-06,0.5654812924295858
E05000512,2013-06,0.4462970443356729
E05000513,2013-06,0.5525564190022647
E05000514,2013-06,0.42947434759637726
E05000515,2013-06,0.6824187668178409
E05000516,2013-06,0.5375196926711371
E05000517,2013-06,0.7075999016718475
E05000518,2013-06,0.5915095847968405
E05000519,2013-06,0.7250633253647867
E05000520,2013-06,0.6671449261237697
E05000521,2013-06,0.5645880381139384
E05000522,2013-06,0.6055213496579921
E05000523,2013-06,0.5425131871315754
E05000524,2013-06,0.6151112352379196
E05000525,2013-06,0.5599608071818565
E05000526,2013-06,0.6115933310812188
E05000527,2013-06,0.4959797399250928
E05000528,2013-06,0.6109460423534541
E05000529,2013-06,0.541279891072025
E05000530,2013-06,0.6620313694878511
E05000531,2013-06,0.5605144027480614
E05000532,2013-06,0.6200736697914587
E05000533,2013-06,0.5125348085623113
E05000534,2013-06,0.4231884535223151
E05000535,2013-06,0.34094554753094003
E05000536,2013-06,0.21015896905270812
E05000537,2013-06,0.34031869835810447
E05000538,2013-06,0.6575206490225228
E05000539,2013-06,0.41345026446561267
E05000540,2013-06,0.4090818989132753
E05000541,2013-06,0.420721292760795
E05000542,2013-06,0.2706221726864796
E05000543,2013-06,0.3057348835257071
E05000544,2013-06,0.3707955742992548
E05000545,2013-06,0.4946816702749205
E05000546,2013-06,0.37190678817223993
E05000547,2013-06,0.5969768939509461
E05000548,2013-06,0.2088991940388147
E05000549,2013-06,0.40158203394926517
E05000550,2013-06,0.33979465724207636
E05000551,2013-06,0.5314922671886105
E05000552,2013-06,0.2793582214353061
E05000553,2013-06,0.3885080195129186
E05000554,2013-06,0.6006901900032242
E05000555,2013-06,0.505711830193298
E05000556,2013-06,0.6247606027088967
E05000557,2013-06,0.6097353538078499
E05000558,2013-06,0.578202492371017
E05000559,2013-06,0.7152312521099325
E05000560,2013-06,0.6387778965356711
E05000561,2013-06,0.534201460754253
E05000562,2013-06,0.49461728653926407
E05000563,2013-06,0.49334240051197376
E05000564,2013-06,0.4255422238574926
E05000565,2013-06,0.5578425582819211
E05000566,2013-06,0.5774869024180793
E05000567,2013-06,0.5732206773677084
E05000568,2013-06,0.5165630429989294
E05000569,2013-06,0.5404671238359924
E05000570,2013-06,0.5381658137599871
E05000571,2013-06,0.5600284766538253
E05000572,2013-06,0.5296229828260491
E05000573,2013-06,0.31537423562061767
E05000574,2013-06,0.3419563082153556
E05000575,2013-06,0.2107772095672611
E05000576,2013-06,0.36510578432133395
E05000577,2013-06,0.47646376978530736
E05000578,2013-06,0.2740144427757332
E05000579,2013-06,0.2636028516845599
E05000580,2013-06,0.32027361911051866
E05000581,2013-06,0.349550258455181
E05000582,2013-06,0.39720634421735995
E05000583,2013-06,0.17481951711676036
E05000584,2013-06,0.34475111660825775
E05000585,2013-06,0.1943782171116492
E05000586,2013-06,0.23403963085783172
E05000587,2013-06,0.21739674501989867
E05000588,2013-06,0.34823560138244425
E05000589,2013-06,0.22957991443050502
E05000590,2013-06,0.3890678367570195
E05000591,2013-06,0.3848841776608119
E05000592,2013-06,0.4740988388495025
E05000593,2013-06,0.6857552078631021
E05000594,2013-06,0.548750910116841
E05000595,2013-06,0.5404318872520514
E05000596,2013-06,0.36988041249221
E05000597,2013-06,0.6179983758834057
E05000598,2013-06,0.6178871182697043
E05000599,2013-06,0.44467864902636456
E05000600,2013-06,0.3977534785520277
E05000601,2013-06,0.44340344938041487
E05000602,2013-06,0.5532987542456412
E05000603,2013-06,0.4615534837713569
E05000604,2013-06,0.3659982849197661
E05000605,2013-06,0.4445796545632679
E05000606,2013-06,0.44076834840833207
E05000607,2013-06,0.4614431316047409
E05000608,2013-06,0.381584022509634
E05000609,2013-06,0.5698611459760456
E05000610,2013-06,0.4009716544083832
E05000611,2013-06,0.5723143146575818
E05000612,2013-06,0.4016577998267394
E05000613,2013-06,0.5114780062741924
E05000614,2013-06,0.3250460341207312
E05000615,2013-06,0.4953622070927847
E05000616,2013-06,0.3624952702514701
E05000617,2013-06,0.41236596724430447
E05000618,2013-06,0.4109588705974687
E05000619,2013-06,0.4605648732348965
E05000620,2013-06,0.3273298262175463
E05000621,2013-06,0.6977221270138937
E05000622,2013-06,0.2671096624257847
E05000623,2013-06,0.3174183050543838
E05000624,2013-06,0.41226442051838946
E05000625,2013-06,0.4162191164780673
E05000626,2013-06,0.41213885773463366
E05000627,2013-06,0.5702775874244658
E05000628,2013-06,0.5715763226367393
E05000629,2013-06,0.53722920525915
E05000630,2013-06,0.44888338823787716
E05000631,2013-06,0.3163220198039371
E05000632,2013-06,0.18854380663226097
E05000633,2013-06,0.25361605096076145
E05000634,2013-06,0.2968862740036481
E05000635,2013-06,0.32433626887118866
E05000636,2013-06,0.2660881331187362
E05000637,2013-06,0.5422725695429361
E05000638,2013-06,0.3244337137756109
E05000639,2013-06,0.4263313619876576
E05000640,2013-06,0.4962448381621277
E05000641,2013-06,0.18440731024707074
E05000642,2013-06,0.32696815661923956
E05000643,2013-06,0.5530825419731344
E05000644,2013-06,0.2731205053712192
E05000645,2013-06,0.2238282753436831
E05000646,2013-06,0.2275217817467803
E05000647,2013-06,0.20781140908290183
E05000648,2013-06,0.3800838232982068
E05000649,2013-06,0.15137255815067385
E09000001,2013-06,0.11847588741652879
E05000026,2013-07,0.3433150454925512
E05000027,2013-07,0.4343411076227188
E05000028,2013-07,0.4142218745642329
E05000029,2013-07,0.5440510271289711
E05000030,2013-07,0.5284935327141991
E05000031,2013-07,0.4109943001090793
E05000032,2013-07,0.3372329146506077
E05000033,2013-07,0.43105595420511433
E05000034,2013-07,0.4591130855448558
E05000035,2013-07,0.4607475539141858
E05000036,2013-07,0.4832588802377338
E05000037,2013-07,0.42752551071421396
E05000038,2013-07,0.23561228824412625
E05000039,2013-07,0.2791732390704437
E05000040,2013-07,0.4103965672548891
E05000041,2013-07,0.5292371225200884
E05000042,2013-07,0.39394722625264517
E05000043,2013-07,0.5439906993119019
E05000044,2013-07,0.5091205323855598
E05000045,2013-07,0.5045868325416123
E05000046,2013-07,0.44712576178210484
E05000047,2013-07,0.5490955090996704
E05000048,2013-07,0.5978536515864469
E05000049,2013-07,0.5913921228627311
E05000050,2013-07,0.6265413631275658
E05000051,2013-07,0.5540766173236236
E05000052,2013-07,0.6448687043204538
E05000053,2013-07,0.45682409924857204
E05000054,2013-07,0.6439434964578079
E05000055,2013-07,0.5166570650070196
E05000056,2013-07,0.7066908056836247
E05000057,2013-07,0.648737800109134
E05000058,2013-07,0.582515933192028
E05000059,2013-07,0.6882100854858163
E05000060,2013-07,0.6538480104149798
E05000061,2013-07,0.5240677571649651
E05000062,2013-07,0.482624470869016
E05000063,2013-07,0.5242412007688425
E05000064,2013-07,0.5412833524081486
E05000065,2013-07,0.3977138240538905
E05000066,2013-07,0.4920130647394984
E05000067,2013-07,0.5021754902209224
E05000068,2013-07,0.4707917259687778
E05000069,2013-07,0.47036610145465313
E05000070,2013-07,0.4629732625074573
E05000071,2013-07,0.4960095851458192
E05000072,2013-07,0.6258053484453467
E05000073,2013-07,0.5107057292916678
E05000074,2013-07,0.5136264210720911
E05000075,2013-07,0.256217721731528
E05000076,2013-07,0.4298119579347191
E05000077,2013-07,0.5763620687488515
E05000078,2013-07,0.5659025331721426
E05000079,2013-07,0.3491417060025608
E05000080,2013-07,0.42559691245304904
E05000081,2013-07,0.6083622993738383
E05000082,2013-07,0.448654609266055
E05000083,2013-07,0.5457730372409645
E05000084,2013-07,0.41356280542101564
E05000085,2013-07,0.37905637608715786
E05000086,2013-07,0.5573063796013444
E05000087,2013-07,0.5163674882145035
E05000088,2013-07,0.426687256502783
E05000089,2013-07,0.40287016507454243
E05000090,2013-07,0.5583596636500359
E05000091,2013-07,0.39400173647810965
E05000092,2013-07,0.39735658645881244
E05000093,2013-07,0.5249034839711139
E05000094,2013-07,0.39507511684988905
E05000095,2013-07,0.4816633809271054
E05000096,2013-07,0.5319952078200102
E05000097,2013-07,0.4822412918439031
E05000098,2013-07,0.4523443820556189
E05000099,2013-07,0.4323283930942855
E05000100,2013-07,0.346032716513896
E05000101,2013-07,0.5362931115490371
E05000102,2013-07,0.35356026500909415
E05000103,2013-07,0.4534781392128979
E05000104,2013-07,0.42862148950840895
E05000105,2013-07,0.4190119598417634
E05000106,2013-07,0.6166859986890086
E05000107,2013-07,0.7328907949700945
E05000108,2013-07,0.6716991387675126
E05000109,2013-07,0.5381073858944568
E05000110,2013-07,0.7216279292537218
E05000111,2013-07,0.7221677188246792
E05000112,2013-07,0.5333820250912423
E05000113,2013-07,0.5979218465539569
E05000114,2013-07,0.6274792268301254
E05000115,2013-07,0.5559461869705663
E05000116,2013-07,0.598629056793089
E05000117,2013-07,0.7527239930243371
E05000118,2013-07,0.6598320624559039
E05000119,2013-07,0.6906919178624925
E05000120,2013-07,0.6116377065497793
E05000121,2013-07,0.598428219933001
E05000122,2013-07,0.5770150218678167
E05000123,2013-07,0.5333493711855571
E05000124,2013-07,0.6355007633936814
E05000125,2013-07,0.6370816784491937
E05000126,2013-07,0.613929947615874
E05000127,2013-07,0.6221719443167354
E05000128,2013-07,0.506056885307102
E05000129,2013-07,0.2860006364283795
E05000130,2013-07,0.3819666431016527
E05000131,2013-07,0.4466681905657985
E05000132,2013-07,0.4999411105892699
E05000133,2013-07,0.5626936420219454
E05000134,2013-07,0.449709997584124
E05000135,2013-07,0.6891560652280366
E05000136,2013-07,0.4396304246695809
E05000137,2013-07,0.6911416701474892
E05000138,2013-07,0.25521801193195803
E05000139,2013-07,0.36855285247632424
E05000140,2013-07,0.42244060129214706
E05000141,2013-07,0.3628987824617657
E05000142,2013-07,0.42336558276468766
E05000143,2013-07,0.2795544484562507
E05000144,2013-07,0.5164733459531761
E05000145,2013-07,0.414764170457209
E05000146,2013-07,0.4644484587735367
E05000147,2013-07,0.533003796132496
E05000148,2013-07,0.43089886283323997
E05000149,2013-07,0.3285516053099038
E05000150,2013-07,0.7546342032703872
E05000151,2013-07,0.6388941860307122
E05000152,2013-07,0.6230435829169907
E05000153,2013-07,0.5489830847160955
E05000154,2013-07,0.531355708824735
E05000155,2013-07,0.7100895203908849
E05000156,2013-07,0.7129867950902384
E05000157,2013-07,0.5889247919555677
E05000158,2013-07,0.5272418934954968
E05000159,2013-07,0.6244808099477152
E05000160,2013-07,0.7165578000290619
E05000161,2013-07,0.4244617066092545
E05000162,2013-07,0.7237949593900912
E05000163,2013-07,0.5904132975680926
E05000164,2013-07,0.5683984346562556
E05000165,2013-07,0.4803951428428799
E05000166,2013-07,0.5670521840300998
E05000167,2013-07,0.5085353897985176
E05000168,2013-07,0.42045285660493004
E05000169,2013-07,0.5287854811454551
E05000170,2013-07,0.4416601923828323
E05000171,2013-07,0.5485119033214868
E05000172,2013-07,0.5231902475716718
E05000173,2013-07,0.5082747456805402
E05000174,2013-07,0.5298918960670607
E05000175,2013-07,0.35160065370813576
E05000176,2013-07,0.4983271348438931
E05000177,2013-07,0.49523211042264115
E05000178,2013-07,0.4487508300040936
E05000179,2013-07,0.5287586742408955
E05000180,2013-07,0.5590041265199762
E05000181,2013-07,0.4201074583592432
E05000182,2013-07,0.4775095888184625
E05000183,2013-07,0.6275249224154311
E05000184,2013-07,0.5389990695004705
E05000185,2013-07,0.5761123673638066
E05000186,2013-07,0.4882938054544108
E05000187,2013-07,0.5027284809403497
E05000188,2013-07,0.4426278930726648
E05000189,2013-07,0.33045846099099535
E05000190,2013-07,0.33189012073809837
E05000191,2013-07,0.4293783892131851
E05000192,2013-07,0.4964022758210669
E05000193,2013-07,0.4772370960961726
E05000194,2013-07,0.5211211263812762
E05000195,2013-07,0.679603024333049
E05000196,2013-07,0.6604913850960765
E05000197,2013-07,0.3965213675017615
E05000198,2013-07,0.3757839547745591
E05000199,2013-07,0.5299943351700915
E05000200,2013-07,0.5966744589576947
E05000201,2013-07,0.4699231976393521
E05000202,2013-07,0.6340327775462948
E05000203,2013-07,0.4181765700999008
E05000204,2013-07,0.3832219659013806
E05000205,2013-07,0.46102045925221435
E05000206,2013-07,0.3767062682233774
E05000207,2013-07,0.42658983362904923
E05000208,2013-07,0.5697241168430586
E05000209,2013-07,0.5361988865463759
E05000210,2013-07,0.4997590410882173
E05000211,2013-07,0.5022312784635232
E05000212,2013-07,0.37210946691011515
E05000213,2013-07,0.5816442830515471
E05000214,2013-07,0.5719495914516826
E05000215,2013-07,0.5714348851995108
E05000216,2013-07,0.5133534174506458
E05000217,2013-07,0.5313108686113195
E05000218,2013-07,0.5652750918086862
E05000219,2013-07,0.6324093113774378
E05000220,2013-07,0.4815412981142252
E05000221,2013-07,0.3820114611750258
E05000222,2013-07,0.435098683470025
E05000223,2013-07,0.5248800741245052
E05000224,2013-07,0.5760055288613011
E05000225,2013-07,0.1680401150641041
E05000226,2013-07,0.4904111013054108
E05000227,2013-07,0.6739988002661838
E05000228,2013-07,0.364926070329871
E05000229,2013-07,0.5109730862458631
E05000230,2013-07,0.23926612427468794
E05000231,2013-07,0.4356715208148768
E05000232,2013-07,0.4086599801583346
E05000233,2013-07,0.34415443629719644
E05000234,2013-07,0.40763862309053717
E05000235,2013-07,0.3608782722573151
E05000236,2013-07,0.36962955280659165
E05000237,2013-07,0.38414181596320685
E05000238,2013-07,0.4649548036238558
E05000239,2013-07,0.2949109782911576
E05000240,2013-07,0.3420560751782731
E05000241,2013-07,0.5400691995953244
E05000242,2013-07,0.4452010216545533
E05000243,2013-07,0.5473288829559942
E05000244,2013-07,0.4352717478718545
E05000245,2013-07,0.4183543266617328
E05000246,2013-07,0.47670514485484333
E05000247,2013-07,0.3900742595427254
E05000248,2013-07,0.4381346960357656
E05000249,2013-07,0.4179707646432976
E05000250,2013-07,0.3601103143628429
E05000251,2013-07,0.4112444276155421
E05000252,2013-07,0.3908191177477251
E05000253,2013-07,0.448141052001224
E05000254,2013-07,0.32397292251219917
E05000255,2013-07,0.37212277595098314
E05000256,2013-07,0.32373397170390855
E05000257,2013-07,0.33817097162410203
E05000258,2013-07,0.32029816491381746
E05000259,2013-07,0.4116339248206572
E05000260,2013-07,0.38813394467624673
E05000261,2013-07,0.43983227053677565
E05000262,2013-07,0.2514749726982041
E05000263,2013-07,0.3404175318007966
E05000264,2013-07,0.30619391402407387
E05000265,2013-07,0.4477202213865363
E05000266,2013-07,0.6169885209764621
E05000267,2013-07,0.4864054104603735
E05000268,2013-07,0.3943781588001049
E05000269,2013-07,0.5808749765901587
E05000270,2013-07,0.5871598607555589
E05000271,2013-07,0.48319553457543
E05000272,2013-07,0.653694153631911
E05000273,2013-07,0.4373645958139144
E05000274,2013-07,0.6153773568148008
E05000275,2013-07,0.3628421569092081
E05000276,2013-07,0.3905120188259203
E05000277,2013-07,0.4290181587997699
E05000278,2013-07,0.39421662504943017
E05000279,2013-07,0.4975048922270049
E05000280,2013-07,0.3916778957081024
E05000281,2013-07,0.4267574386860864
E05000282,2013-07,0.48365685345309845
E05000283,2013-07,0.48106721426422094
E05000284,2013-07,0.4515159870941689
E05000285,2013-07,0.5348130223925238
E05000286,2013-07,0.6797137808035122
E05000287,2013-07,0.44868346858839186
E05000288,2013-07,0.4646195684374343
E05000289,2013-07,0.6540659564107326
E05000290,2013-07,0.6677113318115852
E05000291,2013-07,0.6408128980016655
E05000292,2013-07,0.6313792294119736
E05000293,2013-07,0.5242659984681605
E05000294,2013-07,0.4552263387406438
E05000295,2013-07,0.49119911464309873
E05000296,2013-07,0.43622997114016665
E05000297,2013-07,0.6499262542130042
E05000298,2013-07,0.6159136826497095
E05000299,2013-07,0.4721214129727421
E05000300,2013-07,0.5101290374341887
E05000301,2013-07,0.4849501897943338
E05000302,2013-07,0.5309864281678598
E05000303,2013-07,0.6822801226583115
E05000304,2013-07,0.4509070360137712
E05000305,2013-07,0.5381066461730132
E05000306,2013-07,0.46701189383099884
E05000307,2013-07,0.60087402919784
E05000308,2013-07,0.5550230652945537
E05000309,2013-07,0.6092899875557749
E05000310,2013-07,0.6764417202528129
E05000311,2013-07,0.5125328121749977
E05000312,2013-07,0.6255247506047453
E05000313,2013-07,0.6966413774718829
E05000314,2013-07,0.5564300767738055
E05000315,2013-07,0.5242456447198511
E05000316,2013-07,0.5322027592360671
E05000317,2013-07,0.5815346746687934
E05000318,2013-07,0.5010972248549619
E05000319,2013-07,0.42310409930377735
E05000320,2013-07,0.5033806073833769
E05000321,2013-07,0.39606405979317233
E05000322,2013-07,0.5365626676372982
E05000323,2013-07,0.6118800751309009
E05000324,2013-07,0.5195482267457947
E05000325,2013-07,0.45729895917600444
E05000326,2013-07,0.523845081431562
E05000327,2013-07,0.5353768104336728
E05000328,2013-07,0.5802212462508071
E05000329,2013-07,0.6627400253687159
E05000330,2013-07,0.7176405226018121
E05000331,2013-07,0.39457548837198964
E05000332,2013-07,0.6207279349639324
E05000333,2013-07,0.6673162907277816
E05000334,2013-07,0.5278346476062492
E05000335,2013-07,0.7295051864404278
E05000336,2013-07,0.638018961057362
E05000337,2013-07,0.4603197864048727
E05000338,2013-07,0.5279055413838553
E05000339,2013-07,0.47140202120510516
E05000340,2013-07,0.5822780925376356
E05000341,2013-07,0.5269572799690031
E05000342,2013-07,0.5348622522187867
E05000343,2013-07,0.6523373475957817
E05000344,2013-07,0.5391276975895279
E05000345,2013-07,0.5435232756271675
E05000346,2013-07,0.5202003522749052
E05000347,2013-07,0.5342822898270695
E05000348,2013-07,0.4808289673868169
E05000349,2013-07,0.5356690910519262
E05000350,2013-07,0.46340778028184665
E05000351,2013-07,0.4964164851792627
E05000352,2013-07,0.519033787629032
E05000353,2013-07,0.5335380539886008
E05000354,2013-07,0.5506556167117489
E05000355,2013-07,0.46518449576150683
E05000356,2013-07,0.5092799692086304
E05000357,2013-07,0.48343958975164697
E05000358,2013-07,0.4240358403638538
E05000359,2013-07,0.5769688661100788
E05000360,2013-07,0.4568861746142817
E05000361,2013-07,0.3912924134189957
E05000362,2013-07,0.47682356653945385
E05000363,2013-07,0.5828141888365868
E05000364,2013-07,0.5179836363676787
E05000365,2013-07,0.4493231762364619
E05000366,2013-07,0.41543659454341547
E05000367,2013-07,0.28835955110581923
E05000368,2013-07,0.35039575670208806
E05000369,2013-07,0.5099783263643737
E05000370,2013-07,0.3265083022797959
E05000371,2013-07,0.3810202170420074
E05000372,2013-07,0.5343269085404051
E05000373,2013-07,0.41545896430586465
E05000374,2013-07,0.5322812499059576
E05000375,2013-07,0.42403796134673233
E05000376,2013-07,0.4507067134303351
E05000377,2013-07,0.5050623904388931
E05000378,2013-07,0.48691826348126893
E05000379,2013-07,0.4178702772325752
E05000380,2013-07,0.37892796125838046
E05000381,2013-07,0.45437352692913474
E05000382,2013-07,0.36944540564989375
E05000383,2013-07,0.33465307082061346
E05000384,2013-07,0.4598289607170216
E05000385,2013-07,0.36904901487256664
E05000386,2013-07,0.37431465083499005
E05000387,2013-07,0.25781873043575626
E05000388,2013-07,0.35028998192758487
E05000389,2013-07,0.4147583218581026
E05000390,2013-07,0.3086455779431973
E05000391,2013-07,0.5096866025947876
E05000392,2013-07,0.47897467260303717
E05000393,2013-07,0.39212013434198606
E05000394,2013-07,0.44116379701744507
E05000395,2013-07,0.31960614354010797
E05000396,2013-07,0.47742748958944214
E05000397,2013-07,0.35270825722322097
E05000398,2013-07,0.4424734392881929
E05000399,2013-07,0.36634412700173097
E05000400,2013-07,0.5953834615801532
E05000401,2013-07,0.5660808933625309
E05000402,2013-07,0.5500666124646598
E05000403,2013-07,0.4651623530505157
E05000404,2013-07,0.5298112660169436
E05000405,2013-07,0.6464082534762727
E05000406,2013-07,0.6593681160111651
E05000407,2013-07,0.5609145710822816
E05000408,2013-07,0.45194067219413536
E05000409,2013-07,0.5077780631817519
E05000410,2013-07,0.5634936335282849
E05000411,2013-07,0.5828528121782341
E05000412,2013-07,0.5356439300788153
E05000413,2013-07,0.5759522411645442
E05000414,2013-07,0.5229940214699434
E05000415,2013-07,0.5245166485610074
E05000416,2013-07,0.25330623452890266
E05000417,2013-07,0.4050308566208914
E05000418,2013-07,0.4873689034200898
E05000419,2013-07,0.42481206258011245
E05000420,2013-07,0.4044420368772734
E05000421,2013-07,0.34799737986037493
E05000422,2013-07,0.5489300728495324
E05000423,2013-07,0.4906425668114021
E05000424,2013-07,0.4930785306833434
E05000425,2013-07,0.41157301193900847
E05000426,2013-07,0.353666985020464
E05000427,2013-07,0.33592796857558027
E05000428,2013-07,0.46153782588011516
E05000429,2013-07,0.4222343911496978
E05000430,2013-07,0.4905224050271902
E05000431,2013-07,0.49345976361864885
E05000432,2013-07,0.5181803006414469
E05000433,2013-07,0.4759158181940507
E05000434,2013-07,0.5304480584475425
E05000435,2013-07,0.46253351728525605
E05000436,2013-07,0.4254916514827615
E05000437,2013-07,0.5687390753395233
E05000438,2013-07,0.5409656659392968
E05000439,2013-07,0.5112909305146252
E05000440,2013-07,0.48064424549287815
E05000441,2013-07,0.4846353607698086
E05000442,2013-07,0.531323165010854
E05000443,2013-07,0.3187103071232701
E05000444,2013-07,0.5795218357848277
E05000445,2013-07,0.5580875565506066
E05000446,2013-07,0.548316776176082
E05000447,2013-07,0.5092489058034317
E05000448,2013-07,0.4455784146169611
E05000449,2013-07,0.3681062179942501
E05000450,2013-07,0.5248975798766249
E05000451,2013-07,0.47477481327165977
E05000452,2013-07,0.5563078841702451
E05000453,2013-07,0.5174756945892225
E05000454,2013-07,0.5113509627292729
E05000455,2013-07,0.4024248521368083
E05000456,2013-07,0.5940935322131835
E05000457,2013-07,0.4402611367442991
E05000458,2013-07,0.5488120017262925
E05000459,2013-07,0.4864219931607264
E05000460,2013-07,0.43377275233522583
E05000461,2013-07,0.4337730941597675
E05000462,2013-07,0.4923478346133361
E05000463,2013-07,0.4359868829054074
E05000464,2013-07,0.47181311511965635
E05000465,2013-07,0.5206968756705149
E05000466,2013-07,0.5424437650599833
E05000467,2013-07,0.5881126901135519
E05000468,2013-07,0.5770226822759178
E05000469,2013-07,0.5503722630815379
E05000470,2013-07,0.5743498810173548
E05000471,2013-07,0.47209963312265274
E05000472,2013-07,0.6982386763030549
E05000473,2013-07,0.5378614818075054
E05000474,2013-07,0.47950130878208663
E05000475,2013-07,0.3398386129940275
E05000476,2013-07,0.35113064484647666
E05000477,2013-07,0.32637837155909
E05000478,2013-07,0.24922630074753893
E05000479,2013-07,0.3717864850155007
E05000480,2013-07,0.3546432367881514
E05000481,2013-07,0.36308036955539696
E05000482,2013-07,0.4251573216728762
E05000483,2013-07,0.4217452370179711
E05000484,2013-07,0.3920650121901591
E05000485,2013-07,0.3108047916905206
E05000486,2013-07,0.3153614389372582
E05000487,2013-07,0.5163936434611656
E05000488,2013-07,0.4479633852852877
E05000489,2013-07,0.3745132943208947
E05000490,2013-07,0.37774418649454944
E05000491,2013-07,0.10701433905067799
E05000492,2013-07,0.2670061216708816
E05000493,2013-07,0.44407263422253923
E05000494,2013-07,0.4185936989353022
E05000495,2013-07,0.5974783217612041
E05000496,2013-07,0.42089523633414366
E05000497,2013-07,0.5619695322859688
E05000498,2013-07,0.42148550056327444
E05000499,2013-07,0.5002331148836605
E05000500,2013-07,0.4632454650059113
E05000501,2013-07,0.33331243747322403
E05000502,2013-07,0.5150164049396097
E05000503,2013-07,0.5458096825789949
E05000504,2013-07,0.4936411420910612
E05000505,2013-07,0.43320192162869176
E05000506,2013-07,0.6308281803792314
E05000507,2013-07,0.39241141250211303
E05000508,2013-07,0.45754877182024134
E05000509,2013-07,0.6461897322807089
E05000510,2013-07,0.4325026845719316
E05000511,2013-07,0.5520146613032483
E05000512,2013-07,0.41939735174282816
E05000513,2013-07,0.5479861263267165
E05000514,2013-07,0.4274179690322181
E05000515,2013-07,0.6494094744785285
E05000516,2013-07,0.5243562768195722
E05000517,2013-07,0.6995044783046837
E05000518,2013-07,0.5920723577619115
E05000519,2013-07,0.7400391775276107
E05000520,2013-07,0.5993042413176901
E05000521,2013-07,0.5466180079350834
E05000522,2013-07,0.5769743158191476
E05000523,2013-07,0.5242075654102964
E05000524,2013-07,0.6009161190448308
E05000525,2013-07,0.5553048257861086
E05000526,2013-07,0.5809676762367144
E05000527,2013-07,0.5134148327374993
E05000528,2013-07,0.6177764093485397
E05000529,2013-07,0.5387111891072031
E05000530,2013-07,0.6662302449552766
E05000531,2013-07,0.5631770573733828
E05000532,2013-07,0.6012990320432993
E05000533,2013-07,0.5041749749550967
E05000534,2013-07,0.43770822332652853
E05000535,2013-07,0.3599522033489483
E05000536,2013-07,0.23655598090273677
E05000537,2013-07,0.36271214644498273
E05000538,2013-07,0.6676674024230499
E05000539,2013-07,0.43534098860057796
E05000540,2013-07,0.4117729979105537
E05000541,2013-07,0.40896316024442136
E05000542,2013-07,0.2842990343354274
E05000543,2013-07,0.3140311645509264
E05000544,2013-07,0.3812754171233545
E05000545,2013-07,0.5033098871855262
E05000546,2013-07,0.3655060649882899
E05000547,2013-07,0.5896281462159373
E05000548,2013-07,0.22187518639815862
E05000549,2013-07,0.40363881061763335
E05000550,2013-07,0.3561194369603895
E05000551,2013-07,0.546324334879288
E05000552,2013-07,0.274033727124792
E05000553,2013-07,0.40741772108454505
E05000554,2013-07,0.6046307475617261
E05000555,2013-07,0.4859800162205432
E05000556,2013-07,0.5873334496655952
E05000557,2013-07,0.6002935121483661
E05000558,2013-07,0.575761694172669
E05000559,2013-07,0.6690516468821179
E05000560,2013-07,0.6174931733468009
E05000561,2013-07,0.5433539122421308
E05000562,2013-07,0.4660554520437877
E05000563,2013-07,0.4917267623765478
E05000564,2013-07,0.43622995320205105
E05000565,2013-07,0.5439193084374033
E05000566,2013-07,0.5744399276131086
E05000567,2013-07,0.5722911032305942
E05000568,2013-07,0.5023453190563949
E05000569,2013-07,0.5378214353561495
E05000570,2013-07,0.5334289707000668
E05000571,2013-07,0.5294799397132514
E05000572,2013-07,0.5243499136184079
E05000573,2013-07,0.32635080471584715
E05000574,2013-07,0.35097877486693657
E05000575,2013-07,0.20168681496092633
E05000576,2013-07,0.36422863272222483
E05000577,2013-07,0.47496457966238675
E05000578,2013-07,0.2883412216428535
E05000579,2013-07,0.26985433465688247
E05000580,2013-07,0.3214877585426005
E05000581,2013-07,0.3552224552163185
E05000582,2013-07,0.40010568612321035
E05000583,2013-07,0.17027677235654873
E05000584,2013-07,0.35390319385536506
E05000585,2013-07,0.19213273517283783
E05000586,2013-07,0.23921998358316396
E05000587,2013-07,0.24324870514784883
E05000588,2013-07,0.36141583211772244
E05000589,2013-07,0.2436207395988483
E05000590,2013-07,0.3885951280155919
E05000591,2013-07,0.3802864095138193
E05000592,2013-07,0.48781044085891045
E05000593,2013-07,0.6861010257806832
E05000594,2013-07,0.5558351612946785
E05000595,2013-07,0.5402378002494429
E05000596,2013-07,0.3811992069492849
E05000597,2013-07,0.6248039022915843
E05000598,2013-07,0.6254217412745864
E05000599,2013-07,0.44077948413757534
E05000600,2013-07,0.39002979601557275
E05000601,2013-07,0.45968949477499377
E05000602,2013-07,0.564536349650757
E05000603,2013-07,0.44389433018958147
E05000604,2013-07,0.36595726272209517
E05000605,2013-07,0.4444888181594522
E05000606,2013-07,0.43138440715161697
E05000607,2013-07,0.4612010123945551
E05000608,2013-07,0.3911415946043827
E05000609,2013-07,0.5789624712616916
E05000610,2013-07,0.41118316291900286
E05000611,2013-07,0.5673752023394641
E05000612,2013-07,0.4078502910001283
E05000613,2013-07,0.5194251940295465
E05000614,2013-07,0.34451465318822844
E05000615,2013-07,0.5032037298957919
E05000616,2013-07,0.38509742999461427
E05000617,2013-07,0.433754129793557
E05000618,2013-07,0.4321547814721296
E05000619,2013-07,0.4489669476046392
E05000620,2013-07,0.337965818850456
E05000621,2013-07,0.685373094651911
E05000622,2013-07,0.28136851879758573
E05000623,2013-07,0.3506369342885771
E05000624,2013-07,0.41288556687178923
E05000625,2013-07,0.4179122348381065
E05000626,2013-07,0.4149757894621091
E05000627,2013-07,0.5596969752250001
E05000628,2013-07,0.5711872353920139
E05000629,2013-07,0.5374180617465076
E05000630,2013-07,0.4712237906664746
E05000631,2013-07,0.35205827872511036
E05000632,2013-07,0.2219779759942886
E05000633,2013-07,0.27794131515077036
E05000634,2013-07,0.3247505053350735
E05000635,2013-07,0.35348501588111425
E05000636,2013-07,0.30387403237118865
E05000637,2013-07,0.5158007192593025
E05000638,2013-07,0.36180902009602134
E05000639,2013-07,0.45877843403798285
E05000640,2013-07,0.5244612277312896
E05000641,2013-07,0.21223557562739212
E05000642,2013-07,0.3521025551568612
E05000643,2013-07,0.5629726099253388
E05000644,2013-07,0.2991779054494729
E05000645,2013-07,0.25503638280066854
E05000646,2013-07,0.2571267302684218
E05000647,2013-07,0.23464697116565147
E05000648,2013-07,0.40356840089304175
E05000649,2013-07,0.192109037112639
E09000001,2013-07,0.13795552256886165
